'Time and date','ABPmean','ABPsys','ABPdias','HR','PULSE','RESP','SpO2','classe'
'hh:mm:ss dd/mm/yyyy','mmHg','mmHg','mmHg','bpm','bpm','bpm','%','value'
["'[02:17:35 22/10/1994]'", 77.0, 103.0, 64.0, 136.0, 131.0, 11.0, 97.0, 'Normal']
["'[02:17:36 22/10/1994]'", 77.0, 103.0, 64.0, 136.0, 131.0, 10.0, 97.0, 'Normal']
["'[02:17:37 22/10/1994]'", 77.0, 105.0, 65.0, 136.0, 131.0, 9.0, 97.0, 'Normal']
["'[02:17:38 22/10/1994]'", 78.0, 104.0, 65.0, 136.0, 131.0, 11.0, 97.0, 'Normal']
["'[02:17:39 22/10/1994]'", 77.0, 104.0, 64.0, 136.0, 131.0, 11.0, 97.0, 'Normal']
["'[02:17:40 22/10/1994]'", 77.0, 103.0, 64.0, 136.0, 132.0, 11.0, 97.0, 'Normal']
["'[02:17:41 22/10/1994]'", 77.0, 104.0, 64.0, 136.0, 132.0, 11.0, 97.0, 'Normal']
["'[02:17:42 22/10/1994]'", 77.0, 103.0, 64.0, 136.0, 132.0, 11.0, 97.0, 'Normal']
["'[02:17:43 22/10/1994]'", 77.0, 103.0, 64.0, 136.0, 135.0, 11.0, 97.0, 'Normal']
["'[02:17:44 22/10/1994]'", 77.0, 103.0, 64.0, 136.0, 135.0, 11.0, 97.0, 'Normal']
["'[02:17:45 22/10/1994]'", 78.0, 105.0, 64.0, 136.0, 135.0, 11.0, 97.0, 'Normal']
["'[02:17:46 22/10/1994]'", 78.0, 105.0, 65.0, 136.0, 135.0, 11.0, 97.0, 'Normal']
["'[02:17:47 22/10/1994]'", 77.0, 104.0, 64.0, 135.0, 135.0, 11.0, 97.0, 'Normal']
["'[02:17:48 22/10/1994]'", 76.0, 103.0, 64.0, 135.0, 134.0, 11.0, 97.0, 'Normal']
["'[02:17:49 22/10/1994]'", 76.0, 103.0, 63.0, 135.0, 134.0, 11.0, 97.0, 'Normal']
["'[02:17:50 22/10/1994]'", 77.0, 104.0, 64.0, 135.0, 134.0, 11.0, 97.0, 'Normal']
["'[02:17:51 22/10/1994]'", 77.0, 104.0, 64.0, 134.0, 134.0, 10.0, 97.0, 'Normal']
["'[02:17:52 22/10/1994]'", 76.0, 103.0, 63.0, 134.0, 134.0, 10.0, 97.0, 'Normal']
["'[02:17:53 22/10/1994]'", 76.0, 103.0, 63.0, 133.0, 134.0, 10.0, 97.0, 'Normal']
["'[02:17:54 22/10/1994]'", 76.0, 104.0, 63.0, 133.0, 134.0, 10.0, 97.0, 'Normal']
["'[02:17:55 22/10/1994]'", 76.0, 104.0, 64.0, 133.0, 134.0, 10.0, 97.0, 'Normal']
["'[02:17:56 22/10/1994]'", 76.0, 103.0, 63.0, 133.0, 134.0, 10.0, 97.0, 'Normal']
["'[02:17:58 22/10/1994]'", 75.0, 102.0, 62.0, 133.0, 134.0, 10.0, 97.0, 'Normal']
["'[02:17:59 22/10/1994]'", 75.0, 103.0, 62.0, 133.0, 134.0, 10.0, 98.0, 'Normal']
["'[02:18:00 22/10/1994]'", 76.0, 103.0, 62.0, 133.0, 134.0, 11.0, 98.0, 'Normal']
["'[02:18:01 22/10/1994]'", 75.0, 102.0, 62.0, 132.0, 134.0, 11.0, 98.0, 'Normal']
["'[02:18:02 22/10/1994]'", 74.0, 101.0, 61.0, 132.0, 134.0, 11.0, 98.0, 'Normal']
["'[02:18:03 22/10/1994]'", 74.0, 101.0, 61.0, 132.0, 134.0, 11.0, 98.0, 'Normal']
["'[02:18:04 22/10/1994]'", 75.0, 102.0, 61.0, 132.0, 134.0, 11.0, 98.0, 'Normal']
["'[02:18:05 22/10/1994]'", 74.0, 101.0, 61.0, 132.0, 134.0, 11.0, 98.0, 'Normal']
["'[02:18:06 22/10/1994]'", 74.0, 101.0, 61.0, 132.0, 134.0, 11.0, 98.0, 'Normal']
["'[02:18:07 22/10/1994]'", 73.0, 100.0, 61.0, 132.0, 133.0, 11.0, 98.0, 'Normal']
["'[02:18:08 22/10/1994]'", 74.0, 101.0, 60.0, 132.0, 133.0, 11.0, 98.0, 'Normal']
["'[02:18:09 22/10/1994]'", 74.0, 102.0, 61.0, 132.0, 133.0, 11.0, 98.0, 'Normal']
["'[02:18:10 22/10/1994]'", 74.0, 101.0, 61.0, 132.0, 130.0, 10.0, 98.0, 'Normal']
["'[02:18:11 22/10/1994]'", 73.0, 100.0, 60.0, 133.0, 130.0, 10.0, 98.0, 'Normal']
["'[02:18:12 22/10/1994]'", 73.0, 100.0, 60.0, 133.0, 130.0, 10.0, 98.0, 'Normal']
["'[02:18:13 22/10/1994]'", 74.0, 101.0, 61.0, 133.0, 126.0, 10.0, 98.0, 'Normal']
["'[02:18:14 22/10/1994]'", 74.0, 101.0, 61.0, 133.0, 124.0, 10.0, 97.0, 'Normal']
["'[02:18:15 22/10/1994]'", 74.0, 100.0, 61.0, 133.0, 124.0, 10.0, 97.0, 'Normal']
["'[02:18:16 22/10/1994]'", 73.0, 100.0, 61.0, 133.0, 121.0, 10.0, 97.0, 'Normal']
["'[02:18:17 22/10/1994]'", 74.0, 100.0, 61.0, 133.0, 121.0, 10.0, 97.0, 'Normal']
["'[02:18:18 22/10/1994]'", 74.0, 101.0, 61.0, 133.0, 121.0, 10.0, 97.0, 'Normal']
["'[02:18:19 22/10/1994]'", 74.0, 101.0, 61.0, 133.0, 120.0, 10.0, 97.0, 'Normal']
["'[02:18:20 22/10/1994]'", 74.0, 100.0, 61.0, 133.0, 120.0, 10.0, 97.0, 'Normal']
["'[02:18:21 22/10/1994]'", 74.0, 100.0, 61.0, 133.0, 120.0, 10.0, 97.0, 'Normal']
["'[02:18:22 22/10/1994]'", 75.0, 102.0, 62.0, 133.0, 120.0, 10.0, 97.0, 'Normal']
["'[02:18:23 22/10/1994]'", 75.0, 102.0, 62.0, 133.0, 120.0, 11.0, 97.0, 'Normal']
["'[02:18:24 22/10/1994]'", 74.0, 101.0, 62.0, 133.0, 120.0, 11.0, 97.0, 'Normal']
["'[02:18:25 22/10/1994]'", 74.0, 100.0, 61.0, 134.0, 120.0, 11.0, 97.0, 'Normal']
["'[02:18:26 22/10/1994]'", 75.0, 102.0, 62.0, 134.0, 120.0, 11.0, 97.0, 'Normal']
["'[02:18:27 22/10/1994]'", 75.0, 101.0, 62.0, 135.0, 119.0, 13.0, 97.0, 'Normal']
["'[02:18:28 22/10/1994]'", 75.0, 101.0, 62.0, 135.0, 119.0, 13.0, 97.0, 'Normal']
["'[02:18:29 22/10/1994]'", 75.0, 101.0, 62.0, 135.0, 117.0, 13.0, 97.0, 'Normal']
["'[02:18:30 22/10/1994]'", 75.0, 102.0, 62.0, 135.0, 117.0, 13.0, 97.0, 'Normal']
["'[02:18:31 22/10/1994]'", 76.0, 103.0, 63.0, 136.0, 117.0, 13.0, 97.0, 'Normal']
["'[02:18:32 22/10/1994]'", 76.0, 102.0, 63.0, 136.0, 112.0, 13.0, 97.0, 'Normal']
["'[02:18:33 22/10/1994]'", 75.0, 101.0, 62.0, 137.0, 109.0, 13.0, 97.0, 'Normal']
["'[02:18:34 22/10/1994]'", 74.0, 101.0, 62.0, 137.0, 109.0, 13.0, 97.0, 'Normal']
["'[02:18:35 22/10/1994]'", 76.0, 103.0, 62.0, 137.0, 109.0, 13.0, 97.0, 'Normal']
["'[02:18:36 22/10/1994]'", 75.0, 102.0, 62.0, 137.0, 113.0, 13.0, 97.0, 'Normal']
["'[02:18:37 22/10/1994]'", 74.0, 101.0, 62.0, 136.0, 116.0, 13.0, 97.0, 'Normal']
["'[02:18:38 22/10/1994]'", 74.0, 101.0, 62.0, 136.0, 122.0, 13.0, 97.0, 'Normal']
["'[02:18:40 22/10/1994]'", 75.0, 101.0, 61.0, 136.0, 122.0, 13.0, 97.0, 'Normal']
["'[02:18:41 22/10/1994]'", 75.0, 102.0, 62.0, 136.0, 122.0, 13.0, 97.0, 'Normal']
["'[02:18:42 22/10/1994]'", 75.0, 102.0, 62.0, 136.0, 123.0, 13.0, 97.0, 'Normal']
["'[02:18:43 22/10/1994]'", 75.0, 101.0, 62.0, 136.0, 123.0, 13.0, 97.0, 'Normal']
["'[02:18:44 22/10/1994]'", 75.0, 101.0, 62.0, 136.0, 123.0, 13.0, 97.0, 'Normal']
["'[02:18:45 22/10/1994]'", 76.0, 102.0, 62.0, 136.0, 122.0, 13.0, 97.0, 'Normal']
["'[02:18:46 22/10/1994]'", 75.0, 102.0, 62.0, 135.0, 122.0, 13.0, 97.0, 'Normal']
["'[02:18:47 22/10/1994]'", 74.0, 101.0, 62.0, 135.0, 123.0, 13.0, 97.0, 'Normal']
["'[02:18:48 22/10/1994]'", 74.0, 100.0, 61.0, 135.0, 123.0, 13.0, 97.0, 'Normal']
["'[02:18:49 22/10/1994]'", 75.0, 101.0, 61.0, 135.0, 123.0, 13.0, 97.0, 'Normal']
["'[02:18:50 22/10/1994]'", 75.0, 101.0, 62.0, 135.0, 123.0, 12.0, 97.0, 'Normal']
["'[02:18:51 22/10/1994]'", 74.0, 101.0, 62.0, 135.0, 123.0, 12.0, 97.0, 'Normal']
["'[02:18:52 22/10/1994]'", 73.0, 100.0, 61.0, 134.0, 124.0, 12.0, 97.0, 'Normal']
["'[02:18:53 22/10/1994]'", 74.0, 100.0, 61.0, 134.0, 124.0, 12.0, 97.0, 'Normal']
["'[02:18:54 22/10/1994]'", 75.0, 101.0, 62.0, 134.0, 124.0, 12.0, 97.0, 'Normal']
["'[02:18:55 22/10/1994]'", 74.0, 100.0, 61.0, 134.0, 124.0, 12.0, 97.0, 'Normal']
["'[02:18:56 22/10/1994]'", 74.0, 100.0, 61.0, 134.0, 124.0, 12.0, 97.0, 'Normal']
["'[02:18:57 22/10/1994]'", 73.0, 99.0, 61.0, 134.0, 127.0, 12.0, 97.0, 'Normal']
["'[02:18:58 22/10/1994]'", 74.0, 101.0, 61.0, 134.0, 127.0, 12.0, 97.0, 'Normal']
["'[02:18:59 22/10/1994]'", 74.0, 101.0, 61.0, 133.0, 127.0, 11.0, 97.0, 'Normal']
["'[02:19:00 22/10/1994]'", 74.0, 100.0, 61.0, 133.0, 127.0, 11.0, 97.0, 'Normal']
["'[02:19:01 22/10/1994]'", 73.0, 100.0, 61.0, 133.0, 127.0, 11.0, 97.0, 'Normal']
["'[02:19:02 22/10/1994]'", 74.0, 101.0, 61.0, 133.0, 127.0, 11.0, 97.0, 'Normal']
["'[02:19:03 22/10/1994]'", 73.0, 100.0, 61.0, 133.0, 127.0, 11.0, 97.0, 'Normal']
["'[02:19:04 22/10/1994]'", 73.0, 99.0, 60.0, 133.0, 127.0, 11.0, 97.0, 'Normal']
["'[02:19:05 22/10/1994]'", 73.0, 99.0, 60.0, 133.0, 127.0, 11.0, 97.0, 'Normal']
["'[02:19:06 22/10/1994]'", 74.0, 100.0, 60.0, 133.0, 126.0, 11.0, 97.0, 'Normal']
["'[02:19:07 22/10/1994]'", 74.0, 101.0, 61.0, 132.0, 126.0, 11.0, 97.0, 'Normal']
["'[02:19:08 22/10/1994]'", 73.0, 100.0, 61.0, 132.0, 125.0, 11.0, 97.0, 'Normal']
["'[02:19:09 22/10/1994]'", 73.0, 100.0, 60.0, 132.0, 125.0, 11.0, 97.0, 'Normal']
["'[02:19:10 22/10/1994]'", 74.0, 101.0, 61.0, 132.0, 125.0, 11.0, 97.0, 'Normal']
["'[02:19:11 22/10/1994]'", 73.0, 100.0, 61.0, 132.0, 125.0, 11.0, 97.0, 'Normal']
["'[02:19:12 22/10/1994]'", 73.0, 99.0, 60.0, 132.0, 125.0, 11.0, 97.0, 'Normal']
["'[02:19:13 22/10/1994]'", 73.0, 99.0, 60.0, 132.0, 122.0, 11.0, 97.0, 'Normal']
["'[02:19:14 22/10/1994]'", 73.0, 99.0, 60.0, 132.0, 122.0, 11.0, 97.0, 'Normal']
["'[02:19:15 22/10/1994]'", 74.0, 101.0, 61.0, 132.0, 122.0, 11.0, 97.0, 'Normal']
["'[02:19:16 22/10/1994]'", 74.0, 100.0, 61.0, 132.0, 122.0, 11.0, 97.0, 'Normal']
["'[02:19:17 22/10/1994]'", 73.0, 99.0, 61.0, 133.0, 120.0, 11.0, 97.0, 'Normal']
["'[02:19:18 22/10/1994]'", 73.0, 99.0, 60.0, 133.0, 120.0, 10.0, 97.0, 'Normal']
["'[02:19:19 22/10/1994]'", 73.0, 99.0, 60.0, 134.0, 124.0, 9.0, 97.0, 'Normal']
["'[02:19:20 22/10/1994]'", 74.0, 100.0, 61.0, 134.0, 125.0, 11.0, 97.0, 'Normal']
["'[02:19:21 22/10/1994]'", 73.0, 99.0, 61.0, 134.0, 125.0, 10.0, 97.0, 'Normal']
["'[02:19:23 22/10/1994]'", 73.0, 99.0, 61.0, 135.0, 125.0, 10.0, 97.0, 'Normal']
["'[02:19:24 22/10/1994]'", 73.0, 99.0, 60.0, 135.0, 125.0, 10.0, 97.0, 'Normal']
["'[02:19:25 22/10/1994]'", 73.0, 100.0, 61.0, 135.0, 128.0, 10.0, 97.0, 'Normal']
["'[02:19:26 22/10/1994]'", 74.0, 100.0, 61.0, 136.0, 128.0, 10.0, 97.0, 'Normal']
["'[02:19:27 22/10/1994]'", 74.0, 100.0, 61.0, 136.0, 128.0, 10.0, 97.0, 'Normal']
["'[02:19:28 22/10/1994]'", 74.0, 99.0, 61.0, 136.0, 128.0, 10.0, 97.0, 'Normal']
["'[02:19:29 22/10/1994]'", 74.0, 99.0, 61.0, 136.0, 128.0, 10.0, 97.0, 'Normal']
["'[02:19:30 22/10/1994]'", 75.0, 101.0, 62.0, 136.0, 128.0, 10.0, 97.0, 'Normal']
["'[02:19:31 22/10/1994]'", 75.0, 102.0, 63.0, 136.0, 126.0, 10.0, 97.0, 'Normal']
["'[02:19:32 22/10/1994]'", 75.0, 101.0, 62.0, 137.0, 126.0, 10.0, 97.0, 'Normal']
["'[02:19:33 22/10/1994]'", 75.0, 101.0, 62.0, 137.0, 124.0, 10.0, 97.0, 'Normal']
["'[02:19:34 22/10/1994]'", 75.0, 101.0, 62.0, 137.0, 124.0, 10.0, 97.0, 'Normal']
["'[02:19:35 22/10/1994]'", 76.0, 102.0, 62.0, 137.0, 124.0, 10.0, 97.0, 'Normal']
["'[02:19:36 22/10/1994]'", 76.0, 102.0, 63.0, 138.0, 127.0, 8.0, 97.0, 'Normal']
["'[02:19:37 22/10/1994]'", 75.0, 102.0, 62.0, 138.0, 127.0, 8.0, 97.0, 'Normal']
["'[02:19:38 22/10/1994]'", 75.0, 101.0, 62.0, 138.0, 127.0, 8.0, 97.0, 'Normal']
["'[02:19:39 22/10/1994]'", 75.0, 101.0, 62.0, 138.0, 127.0, 8.0, 97.0, 'Normal']
["'[02:19:40 22/10/1994]'", 75.0, 102.0, 61.0, 137.0, 127.0, 8.0, 97.0, 'Normal']
["'[02:19:41 22/10/1994]'", 76.0, 103.0, 62.0, 137.0, 127.0, 8.0, 97.0, 'Normal']
["'[02:19:42 22/10/1994]'", 75.0, 102.0, 62.0, 137.0, 127.0, 8.0, 97.0, 'Normal']
["'[02:19:43 22/10/1994]'", 75.0, 101.0, 62.0, 137.0, 127.0, 8.0, 97.0, 'Normal']
["'[02:19:44 22/10/1994]'", 74.0, 101.0, 61.0, 137.0, 127.0, 8.0, 97.0, 'Normal']
["'[02:19:45 22/10/1994]'", 76.0, 102.0, 62.0, 137.0, 127.0, 8.0, 97.0, 'Normal']
["'[02:19:46 22/10/1994]'", 75.0, 102.0, 62.0, 137.0, 127.0, 9.0, 97.0, 'Normal']
["'[02:19:47 22/10/1994]'", 75.0, 101.0, 62.0, 137.0, 117.0, 9.0, 97.0, 'Normal']
["'[02:19:48 22/10/1994]'", 74.0, 101.0, 61.0, 137.0, 114.0, 9.0, 97.0, 'Normal']
["'[02:19:49 22/10/1994]'", 74.0, 101.0, 61.0, 137.0, 114.0, 9.0, 97.0, 'Normal']
["'[02:19:50 22/10/1994]'", 75.0, 103.0, 62.0, 137.0, 114.0, 9.0, 97.0, 'Normal']
["'[02:19:51 22/10/1994]'", 75.0, 102.0, 63.0, 137.0, 102.0, 9.0, 97.0, 'Normal']
["'[02:19:52 22/10/1994]'", 75.0, 102.0, 62.0, 137.0, 102.0, 9.0, 97.0, 'Normal']
["'[02:19:53 22/10/1994]'", 74.0, 101.0, 62.0, 137.0, 108.0, 9.0, 97.0, 'Normal']
["'[02:19:54 22/10/1994]'", 74.0, 101.0, 62.0, 137.0, 108.0, 9.0, 97.0, 'Normal']
["'[02:19:55 22/10/1994]'", 75.0, 102.0, 62.0, 136.0, 108.0, 9.0, 97.0, 'Normal']
["'[02:19:56 22/10/1994]'", 75.0, 102.0, 63.0, 136.0, 110.0, 9.0, 97.0, 'Normal']
["'[02:19:57 22/10/1994]'", 75.0, 101.0, 62.0, 136.0, 117.0, 9.0, 97.0, 'Normal']
["'[02:19:58 22/10/1994]'", 74.0, 101.0, 62.0, 136.0, 117.0, 9.0, 97.0, 'Normal']
["'[02:19:59 22/10/1994]'", 74.0, 101.0, 62.0, 135.0, 117.0, 9.0, 97.0, 'Normal']
["'[02:20:00 22/10/1994]'", 75.0, 102.0, 62.0, 135.0, 119.0, 9.0, 97.0, 'Normal']
["'[02:20:01 22/10/1994]'", 76.0, 103.0, 62.0, 134.0, 119.0, 9.0, 97.0, 'Normal']
["'[02:20:02 22/10/1994]'", 75.0, 102.0, 63.0, 134.0, 123.0, 8.0, 97.0, 'Normal']
["'[02:20:03 22/10/1994]'", 75.0, 102.0, 62.0, 134.0, 123.0, 8.0, 97.0, 'Normal']
["'[02:20:04 22/10/1994]'", 75.0, 103.0, 62.0, 134.0, 123.0, 8.0, 97.0, 'Normal']
["'[02:20:06 22/10/1994]'", 76.0, 104.0, 63.0, 134.0, 123.0, 8.0, 97.0, 'Normal']
["'[02:20:07 22/10/1994]'", 76.0, 103.0, 63.0, 134.0, 124.0, 8.0, 97.0, 'Normal']
["'[02:20:08 22/10/1994]'", 76.0, 103.0, 63.0, 134.0, 124.0, 8.0, 97.0, 'Normal']
["'[02:20:09 22/10/1994]'", 76.0, 103.0, 63.0, 133.0, 124.0, 8.0, 97.0, 'Normal']
["'[02:20:10 22/10/1994]'", 77.0, 105.0, 64.0, 133.0, 124.0, 8.0, 97.0, 'Normal']
["'[02:20:11 22/10/1994]'", 77.0, 105.0, 64.0, 133.0, 124.0, 8.0, 97.0, 'Normal']
["'[02:20:12 22/10/1994]'", 76.0, 103.0, 64.0, 133.0, 124.0, 8.0, 97.0, 'Normal']
["'[02:20:13 22/10/1994]'", 76.0, 102.0, 63.0, 135.0, 124.0, 8.0, 97.0, 'Normal']
["'[02:20:14 22/10/1994]'", 77.0, 104.0, 63.0, 135.0, 124.0, 8.0, 97.0, 'Normal']
["'[02:20:15 22/10/1994]'", 77.0, 104.0, 63.0, 135.0, 124.0, 8.0, 97.0, 'Normal']
["'[02:20:16 22/10/1994]'", 76.0, 102.0, 63.0, 135.0, 124.0, 8.0, 97.0, 'Normal']
["'[02:20:17 22/10/1994]'", 75.0, 102.0, 62.0, 135.0, 124.0, 8.0, 97.0, 'Normal']
["'[02:20:18 22/10/1994]'", 76.0, 103.0, 62.0, 135.0, 131.0, 8.0, 97.0, 'Normal']
["'[02:20:19 22/10/1994]'", 76.0, 104.0, 63.0, 135.0, 131.0, 8.0, 97.0, 'Normal']
["'[02:20:20 22/10/1994]'", 75.0, 102.0, 63.0, 135.0, 131.0, 8.0, 97.0, 'Normal']
["'[02:20:21 22/10/1994]'", 75.0, 102.0, 62.0, 136.0, 131.0, 8.0, 97.0, 'Normal']
["'[02:20:22 22/10/1994]'", 75.0, 102.0, 62.0, 136.0, 131.0, 8.0, 97.0, 'Normal']
["'[02:20:23 22/10/1994]'", 75.0, 103.0, 62.0, 136.0, 131.0, 8.0, 97.0, 'Normal']
["'[02:20:24 22/10/1994]'", 75.0, 103.0, 62.0, 136.0, 131.0, 8.0, 97.0, 'Normal']
["'[02:20:25 22/10/1994]'", 75.0, 103.0, 62.0, 136.0, 131.0, 8.0, 97.0, 'Normal']
["'[02:20:26 22/10/1994]'", 76.0, 103.0, 62.0, 136.0, 131.0, 8.0, 97.0, 'Normal']
["'[02:20:27 22/10/1994]'", 76.0, 103.0, 62.0, 135.0, 131.0, 8.0, 97.0, 'Normal']
["'[02:20:28 22/10/1994]'", 77.0, 104.0, 63.0, 135.0, 131.0, 8.0, 97.0, 'Normal']
["'[02:20:29 22/10/1994]'", 76.0, 104.0, 63.0, 135.0, 131.0, 9.0, 97.0, 'Normal']
["'[02:20:30 22/10/1994]'", 75.0, 102.0, 62.0, 135.0, 128.0, 9.0, 97.0, 'Normal']
["'[02:20:31 22/10/1994]'", 74.0, 101.0, 61.0, 135.0, 128.0, 9.0, 97.0, 'Normal']
["'[02:20:32 22/10/1994]'", 75.0, 103.0, 62.0, 135.0, 128.0, 9.0, 97.0, 'Normal']
["'[02:20:33 22/10/1994]'", 75.0, 102.0, 62.0, 133.0, 128.0, 9.0, 97.0, 'Normal']
["'[02:20:34 22/10/1994]'", 74.0, 100.0, 61.0, 133.0, 128.0, 9.0, 97.0, 'Normal']
["'[02:20:35 22/10/1994]'", 73.0, 100.0, 61.0, 132.0, 128.0, 9.0, 98.0, 'Normal']
["'[02:20:36 22/10/1994]'", 74.0, 101.0, 61.0, 132.0, 128.0, 9.0, 98.0, 'Normal']
["'[02:20:37 22/10/1994]'", 74.0, 101.0, 62.0, 132.0, 129.0, 9.0, 98.0, 'Normal']
["'[02:20:38 22/10/1994]'", 73.0, 100.0, 61.0, 132.0, 129.0, 9.0, 97.0, 'Normal']
["'[02:20:39 22/10/1994]'", 73.0, 100.0, 61.0, 133.0, 129.0, 9.0, 97.0, 'Normal']
["'[02:20:40 22/10/1994]'", 73.0, 100.0, 60.0, 133.0, 129.0, 9.0, 97.0, 'Normal']
["'[02:20:41 22/10/1994]'", 74.0, 101.0, 61.0, 133.0, 126.0, 9.0, 97.0, 'Normal']
["'[02:20:42 22/10/1994]'", 73.0, 100.0, 61.0, 133.0, 125.0, 9.0, 97.0, 'Normal']
["'[02:20:43 22/10/1994]'", 73.0, 99.0, 60.0, 133.0, 122.0, 9.0, 97.0, 'Normal']
["'[02:20:44 22/10/1994]'", 72.0, 99.0, 60.0, 133.0, 122.0, 9.0, 97.0, 'Normal']
["'[02:20:45 22/10/1994]'", 74.0, 101.0, 61.0, 133.0, 122.0, 9.0, 97.0, 'Normal']
["'[02:20:46 22/10/1994]'", 73.0, 100.0, 61.0, 133.0, 122.0, 9.0, 97.0, 'Normal']
["'[02:20:48 22/10/1994]'", 73.0, 99.0, 60.0, 133.0, 122.0, 9.0, 97.0, 'Normal']
["'[02:20:49 22/10/1994]'", 72.0, 99.0, 60.0, 133.0, 122.0, 9.0, 97.0, 'Normal']
["'[02:20:50 22/10/1994]'", 74.0, 100.0, 61.0, 133.0, 122.0, 9.0, 97.0, 'Normal']
["'[02:20:51 22/10/1994]'", 73.0, 99.0, 60.0, 133.0, 122.0, 10.0, 97.0, 'Normal']
["'[02:20:52 22/10/1994]'", 72.0, 98.0, 60.0, 133.0, 122.0, 10.0, 97.0, 'Normal']
["'[02:20:53 22/10/1994]'", 72.0, 98.0, 59.0, 133.0, 122.0, 10.0, 97.0, 'Normal']
["'[02:20:54 22/10/1994]'", 73.0, 99.0, 60.0, 133.0, 122.0, 10.0, 97.0, 'Normal']
["'[02:20:55 22/10/1994]'", 73.0, 100.0, 61.0, 133.0, 122.0, 11.0, 97.0, 'Normal']
["'[02:20:56 22/10/1994]'", 73.0, 99.0, 60.0, 133.0, 122.0, 11.0, 97.0, 'Normal']
["'[02:20:57 22/10/1994]'", 72.0, 98.0, 59.0, 133.0, 116.0, 11.0, 97.0, 'Normal']
["'[02:20:58 22/10/1994]'", 72.0, 98.0, 59.0, 134.0, 116.0, 11.0, 97.0, 'Normal']
["'[02:20:59 22/10/1994]'", 73.0, 99.0, 60.0, 134.0, 113.0, 11.0, 97.0, 'Normal']
["'[02:21:00 22/10/1994]'", 73.0, 99.0, 60.0, 134.0, 110.0, 11.0, 97.0, 'Normal']
["'[02:21:01 22/10/1994]'", 72.0, 98.0, 60.0, 133.0, 110.0, 11.0, 97.0, 'Normal']
["'[02:21:02 22/10/1994]'", 72.0, 98.0, 59.0, 133.0, 108.0, 11.0, 97.0, 'Normal']
["'[02:21:03 22/10/1994]'", 72.0, 98.0, 59.0, 133.0, 108.0, 11.0, 97.0, 'Normal']
["'[02:21:04 22/10/1994]'", 73.0, 100.0, 60.0, 133.0, 123.0, 11.0, 97.0, 'Normal']
["'[02:21:05 22/10/1994]'", 72.0, 99.0, 60.0, 133.0, 126.0, 11.0, 97.0, 'Normal']
["'[02:21:06 22/10/1994]'", 71.0, 98.0, 59.0, 133.0, 126.0, 11.0, 97.0, 'Normal']
["'[02:21:07 22/10/1994]'", 71.0, 97.0, 59.0, 134.0, 129.0, 11.0, 97.0, 'Normal']
["'[02:21:08 22/10/1994]'", 72.0, 99.0, 59.0, 134.0, 130.0, 11.0, 97.0, 'Normal']
["'[02:21:09 22/10/1994]'", 72.0, 99.0, 59.0, 134.0, 130.0, 11.0, 97.0, 'Normal']
["'[02:21:10 22/10/1994]'", 72.0, 98.0, 59.0, 134.0, 130.0, 11.0, 97.0, 'Normal']
["'[02:21:11 22/10/1994]'", 71.0, 97.0, 59.0, 134.0, 130.0, 11.0, 97.0, 'Normal']
["'[02:21:12 22/10/1994]'", 72.0, 98.0, 59.0, 134.0, 130.0, 11.0, 97.0, 'Normal']
["'[02:21:13 22/10/1994]'", 73.0, 99.0, 59.0, 134.0, 130.0, 10.0, 97.0, 'Normal']
["'[02:21:14 22/10/1994]'", 72.0, 99.0, 60.0, 134.0, 128.0, 9.0, 97.0, 'Normal']
["'[02:21:15 22/10/1994]'", 72.0, 98.0, 59.0, 134.0, 128.0, 8.0, 97.0, 'Normal']
["'[02:21:16 22/10/1994]'", 71.0, 97.0, 59.0, 134.0, 128.0, 7.0, 97.0, 'Normal']
["'[02:21:17 22/10/1994]'", 73.0, 99.0, 59.0, 134.0, 128.0, 6.0, 97.0, 'Normal']
["'[02:21:18 22/10/1994]'", 73.0, 99.0, 60.0, 134.0, 128.0, 10.0, 97.0, 'Normal']
["'[02:21:19 22/10/1994]'", 72.0, 98.0, 60.0, 134.0, 128.0, 10.0, 97.0, 'Normal']
["'[02:21:20 22/10/1994]'", 72.0, 98.0, 59.0, 134.0, 128.0, 10.0, 97.0, 'Normal']
["'[02:21:21 22/10/1994]'", 73.0, 99.0, 60.0, 134.0, 126.0, 10.0, 97.0, 'Normal']
["'[02:21:22 22/10/1994]'", 73.0, 99.0, 61.0, 134.0, 126.0, 10.0, 97.0, 'Normal']
["'[02:21:23 22/10/1994]'", 73.0, 99.0, 60.0, 135.0, 122.0, 10.0, 97.0, 'Normal']
["'[02:21:24 22/10/1994]'", 73.0, 99.0, 60.0, 135.0, 122.0, 10.0, 97.0, 'Normal']
["'[02:21:25 22/10/1994]'", 73.0, 99.0, 60.0, 135.0, 122.0, 10.0, 97.0, 'Normal']
["'[02:21:26 22/10/1994]'", 74.0, 101.0, 61.0, 135.0, 124.0, 10.0, 97.0, 'Normal']
["'[02:21:27 22/10/1994]'", 74.0, 100.0, 61.0, 135.0, 129.0, 10.0, 97.0, 'Normal']
["'[02:21:28 22/10/1994]'", 74.0, 99.0, 61.0, 136.0, 129.0, 10.0, 97.0, 'Normal']
["'[02:21:29 22/10/1994]'", 73.0, 100.0, 61.0, 136.0, 131.0, 10.0, 97.0, 'Normal']
["'[02:21:31 22/10/1994]'", 74.0, 100.0, 61.0, 137.0, 131.0, 10.0, 97.0, 'Normal']
["'[02:21:32 22/10/1994]'", 75.0, 101.0, 62.0, 137.0, 131.0, 10.0, 97.0, 'Normal']
["'[02:21:33 22/10/1994]'", 75.0, 101.0, 62.0, 137.0, 131.0, 10.0, 97.0, 'Normal']
["'[02:21:34 22/10/1994]'", 74.0, 100.0, 62.0, 137.0, 128.0, 10.0, 97.0, 'Normal']
["'[02:21:35 22/10/1994]'", 74.0, 100.0, 61.0, 137.0, 128.0, 10.0, 97.0, 'Normal']
["'[02:21:36 22/10/1994]'", 75.0, 102.0, 62.0, 137.0, 128.0, 10.0, 97.0, 'Normal']
["'[02:21:37 22/10/1994]'", 75.0, 101.0, 62.0, 137.0, 128.0, 10.0, 97.0, 'Normal']
["'[02:21:38 22/10/1994]'", 74.0, 100.0, 62.0, 137.0, 128.0, 10.0, 97.0, 'Normal']
["'[02:21:39 22/10/1994]'", 74.0, 100.0, 61.0, 137.0, 128.0, 10.0, 97.0, 'Normal']
["'[02:21:40 22/10/1994]'", 74.0, 101.0, 62.0, 137.0, 127.0, 10.0, 97.0, 'Normal']
["'[02:21:41 22/10/1994]'", 74.0, 101.0, 62.0, 137.0, 127.0, 10.0, 97.0, 'Normal']
["'[02:21:42 22/10/1994]'", 74.0, 100.0, 61.0, 137.0, 127.0, 10.0, 97.0, 'Normal']
["'[02:21:43 22/10/1994]'", 74.0, 100.0, 61.0, 137.0, 127.0, 10.0, 97.0, 'Normal']
["'[02:21:44 22/10/1994]'", 73.0, 99.0, 61.0, 137.0, 127.0, 10.0, 97.0, 'Normal']
["'[02:21:45 22/10/1994]'", 75.0, 102.0, 61.0, 137.0, 127.0, 10.0, 97.0, 'Normal']
["'[02:21:46 22/10/1994]'", 74.0, 101.0, 61.0, 136.0, 121.0, 11.0, 97.0, 'Normal']
["'[02:21:47 22/10/1994]'", 74.0, 100.0, 61.0, 137.0, 121.0, 11.0, 97.0, 'Normal']
["'[02:21:48 22/10/1994]'", 73.0, 100.0, 61.0, 137.0, 118.0, 11.0, 97.0, 'Normal']
["'[02:21:49 22/10/1994]'", 73.0, 99.0, 61.0, 137.0, 114.0, 11.0, 97.0, 'Normal']
["'[02:21:50 22/10/1994]'", 74.0, 101.0, 61.0, 137.0, 114.0, 11.0, 97.0, 'Normal']
["'[02:21:51 22/10/1994]'", 74.0, 100.0, 62.0, 136.0, 114.0, 10.0, 97.0, 'Normal']
["'[02:21:52 22/10/1994]'", 74.0, 100.0, 61.0, 136.0, 116.0, 10.0, 97.0, 'Normal']
["'[02:21:53 22/10/1994]'", 73.0, 99.0, 61.0, 136.0, 116.0, 10.0, 97.0, 'Normal']
["'[02:21:54 22/10/1994]'", 74.0, 101.0, 61.0, 136.0, 116.0, 10.0, 97.0, 'Normal']
["'[02:21:55 22/10/1994]'", 75.0, 101.0, 62.0, 136.0, 116.0, 13.0, 97.0, 'Normal']
["'[02:21:56 22/10/1994]'", 74.0, 100.0, 62.0, 136.0, 116.0, 13.0, 97.0, 'Normal']
["'[02:21:57 22/10/1994]'", 74.0, 100.0, 61.0, 135.0, 119.0, 13.0, 97.0, 'Normal']
["'[02:21:58 22/10/1994]'", 74.0, 100.0, 61.0, 135.0, 119.0, 13.0, 97.0, 'Normal']
["'[02:21:59 22/10/1994]'", 75.0, 101.0, 62.0, 135.0, 122.0, 13.0, 97.0, 'Normal']
["'[02:22:00 22/10/1994]'", 74.0, 101.0, 61.0, 135.0, 123.0, 13.0, 97.0, 'Normal']
["'[02:22:01 22/10/1994]'", 74.0, 100.0, 61.0, 135.0, 123.0, 13.0, 97.0, 'Normal']
["'[02:22:02 22/10/1994]'", 73.0, 99.0, 61.0, 135.0, 123.0, 13.0, 97.0, 'Normal']
["'[02:22:03 22/10/1994]'", 74.0, 101.0, 61.0, 134.0, 124.0, 13.0, 97.0, 'Normal']
["'[02:22:04 22/10/1994]'", 74.0, 100.0, 61.0, 134.0, 124.0, 13.0, 97.0, 'Normal']
["'[02:22:05 22/10/1994]'", 73.0, 99.0, 61.0, 134.0, 124.0, 13.0, 97.0, 'Normal']
["'[02:22:06 22/10/1994]'", 73.0, 99.0, 60.0, 134.0, 124.0, 13.0, 97.0, 'Normal']
["'[02:22:07 22/10/1994]'", 74.0, 101.0, 61.0, 134.0, 120.0, 13.0, 97.0, 'Normal']
["'[02:22:08 22/10/1994]'", 73.0, 100.0, 61.0, 134.0, 120.0, 13.0, 97.0, 'Normal']
["'[02:22:09 22/10/1994]'", 73.0, 100.0, 60.0, 134.0, 120.0, 13.0, 97.0, 'Normal']
["'[02:22:10 22/10/1994]'", 72.0, 99.0, 60.0, 134.0, 0.0, 13.0, 0.0, 'Critical']
["'[02:22:11 22/10/1994]'", 72.0, 99.0, 60.0, 134.0, 0.0, 13.0, 0.0, 'Critical']
["'[02:22:12 22/10/1994]'", 73.0, 100.0, 60.0, 133.0, 0.0, 13.0, 0.0, 'Critical']
["'[02:22:14 22/10/1994]'", 73.0, 99.0, 60.0, 133.0, 0.0, 13.0, 0.0, 'Critical']
["'[02:22:15 22/10/1994]'", 72.0, 98.0, 59.0, 132.0, 0.0, 13.0, 0.0, 'Critical']
["'[02:22:16 22/10/1994]'", 71.0, 98.0, 59.0, 132.0, 0.0, 13.0, 0.0, 'Critical']
["'[02:22:17 22/10/1994]'", 72.0, 99.0, 59.0, 131.0, 0.0, 13.0, 0.0, 'Critical']
["'[02:22:18 22/10/1994]'", 72.0, 99.0, 59.0, 131.0, 0.0, 13.0, 0.0, 'Critical']
["'[02:22:19 22/10/1994]'", 72.0, 98.0, 59.0, 131.0, 0.0, 13.0, 0.0, 'Critical']
["'[02:22:20 22/10/1994]'", 71.0, 98.0, 59.0, 131.0, 0.0, 13.0, 0.0, 'Critical']
["'[02:22:21 22/10/1994]'", 71.0, 97.0, 59.0, 131.0, 0.0, 13.0, 97.0, 'Normal']
["'[02:22:22 22/10/1994]'", 71.0, 98.0, 59.0, 131.0, 122.0, 13.0, 97.0, 'Normal']
["'[02:22:23 22/10/1994]'", 72.0, 98.0, 59.0, 131.0, 125.0, 13.0, 97.0, 'Normal']
["'[02:22:24 22/10/1994]'", 72.0, 98.0, 59.0, 131.0, 129.0, 13.0, 97.0, 'Normal']
["'[02:22:25 22/10/1994]'", 72.0, 98.0, 59.0, 132.0, 129.0, 13.0, 97.0, 'Normal']
["'[02:22:26 22/10/1994]'", 72.0, 98.0, 59.0, 132.0, 130.0, 13.0, 97.0, 'Normal']
["'[02:22:27 22/10/1994]'", 72.0, 98.0, 59.0, 132.0, 130.0, 13.0, 97.0, 'Normal']
["'[02:22:28 22/10/1994]'", 72.0, 98.0, 60.0, 132.0, 130.0, 13.0, 97.0, 'Normal']
["'[02:22:29 22/10/1994]'", 73.0, 99.0, 60.0, 133.0, 128.0, 13.0, 97.0, 'Normal']
["'[02:22:30 22/10/1994]'", 73.0, 99.0, 60.0, 133.0, 128.0, 13.0, 97.0, 'Normal']
["'[02:22:31 22/10/1994]'", 73.0, 99.0, 60.0, 134.0, 128.0, 13.0, 97.0, 'Normal']
["'[02:22:32 22/10/1994]'", 72.0, 98.0, 60.0, 134.0, 128.0, 13.0, 97.0, 'Normal']
["'[02:22:33 22/10/1994]'", 72.0, 98.0, 60.0, 134.0, 128.0, 13.0, 97.0, 'Normal']
["'[02:22:34 22/10/1994]'", 73.0, 99.0, 60.0, 134.0, 128.0, 13.0, 97.0, 'Normal']
["'[02:22:35 22/10/1994]'", 73.0, 100.0, 61.0, 134.0, 128.0, 11.0, 97.0, 'Normal']
["'[02:22:36 22/10/1994]'", 73.0, 99.0, 60.0, 134.0, 128.0, 11.0, 97.0, 'Normal']
["'[02:22:37 22/10/1994]'", 72.0, 98.0, 60.0, 133.0, 128.0, 11.0, 97.0, 'Normal']
["'[02:22:38 22/10/1994]'", 72.0, 98.0, 60.0, 133.0, 124.0, 11.0, 97.0, 'Normal']
["'[02:22:39 22/10/1994]'", 73.0, 99.0, 60.0, 133.0, 124.0, 11.0, 97.0, 'Normal']
["'[02:22:40 22/10/1994]'", 73.0, 99.0, 60.0, 133.0, 124.0, 11.0, 97.0, 'Normal']
["'[02:22:41 22/10/1994]'", 72.0, 98.0, 60.0, 133.0, 124.0, 11.0, 97.0, 'Normal']
["'[02:22:42 22/10/1994]'", 72.0, 98.0, 60.0, 133.0, 124.0, 11.0, 97.0, 'Normal']
["'[02:22:43 22/10/1994]'", 72.0, 98.0, 60.0, 134.0, 124.0, 11.0, 97.0, 'Normal']
["'[02:22:44 22/10/1994]'", 73.0, 100.0, 60.0, 134.0, 127.0, 11.0, 97.0, 'Normal']
["'[02:22:45 22/10/1994]'", 73.0, 99.0, 61.0, 134.0, 127.0, 11.0, 97.0, 'Normal']
["'[02:22:46 22/10/1994]'", 73.0, 98.0, 60.0, 134.0, 127.0, 11.0, 97.0, 'Normal']
["'[02:22:47 22/10/1994]'", 72.0, 98.0, 60.0, 134.0, 127.0, 11.0, 97.0, 'Normal']
["'[02:22:48 22/10/1994]'", 73.0, 99.0, 60.0, 134.0, 127.0, 11.0, 97.0, 'Normal']
["'[02:22:49 22/10/1994]'", 74.0, 99.0, 61.0, 134.0, 127.0, 9.0, 97.0, 'Normal']
["'[02:22:50 22/10/1994]'", 73.0, 99.0, 61.0, 134.0, 124.0, 9.0, 97.0, 'Normal']
["'[02:22:51 22/10/1994]'", 73.0, 99.0, 61.0, 134.0, 124.0, 9.0, 97.0, 'Normal']
["'[02:22:52 22/10/1994]'", 73.0, 99.0, 61.0, 134.0, 124.0, 9.0, 97.0, 'Normal']
["'[02:22:53 22/10/1994]'", 73.0, 99.0, 61.0, 134.0, 122.0, 9.0, 97.0, 'Normal']
["'[02:22:54 22/10/1994]'", 74.0, 100.0, 61.0, 134.0, 122.0, 9.0, 97.0, 'Normal']
["'[02:22:56 22/10/1994]'", 74.0, 100.0, 62.0, 134.0, 122.0, 9.0, 97.0, 'Normal']
["'[02:22:57 22/10/1994]'", 74.0, 100.0, 62.0, 133.0, 120.0, 9.0, 97.0, 'Normal']
["'[02:22:58 22/10/1994]'", 74.0, 100.0, 62.0, 133.0, 120.0, 9.0, 97.0, 'Normal']
["'[02:22:59 22/10/1994]'", 75.0, 101.0, 62.0, 133.0, 120.0, 9.0, 97.0, 'Normal']
["'[02:23:00 22/10/1994]'", 75.0, 101.0, 62.0, 133.0, 123.0, 9.0, 97.0, 'Normal']
["'[02:23:01 22/10/1994]'", 76.0, 103.0, 63.0, 133.0, 123.0, 9.0, 97.0, 'Normal']
["'[02:23:02 22/10/1994]'", 76.0, 102.0, 63.0, 133.0, 126.0, 8.0, 97.0, 'Normal']
["'[02:23:03 22/10/1994]'", 76.0, 103.0, 63.0, 134.0, 133.0, 8.0, 97.0, 'Normal']
["'[02:23:04 22/10/1994]'", 76.0, 103.0, 64.0, 134.0, 134.0, 8.0, 97.0, 'Normal']
["'[02:23:05 22/10/1994]'", 76.0, 103.0, 63.0, 134.0, 134.0, 8.0, 97.0, 'Normal']
["'[02:23:06 22/10/1994]'", 77.0, 104.0, 64.0, 134.0, 134.0, 8.0, 97.0, 'Normal']
["'[02:23:07 22/10/1994]'", 77.0, 103.0, 64.0, 134.0, 134.0, 8.0, 97.0, 'Normal']
["'[02:23:08 22/10/1994]'", 75.0, 102.0, 63.0, 134.0, 134.0, 8.0, 97.0, 'Normal']
["'[02:23:09 22/10/1994]'", 75.0, 101.0, 62.0, 134.0, 134.0, 8.0, 97.0, 'Normal']
["'[02:23:10 22/10/1994]'", 75.0, 102.0, 62.0, 134.0, 134.0, 8.0, 97.0, 'Normal']
["'[02:23:11 22/10/1994]'", 75.0, 101.0, 62.0, 133.0, 133.0, 8.0, 97.0, 'Normal']
["'[02:23:12 22/10/1994]'", 74.0, 101.0, 61.0, 133.0, 132.0, 8.0, 97.0, 'Normal']
["'[02:23:13 22/10/1994]'", 74.0, 100.0, 61.0, 132.0, 128.0, 8.0, 97.0, 'Normal']
["'[02:23:14 22/10/1994]'", 73.0, 100.0, 61.0, 132.0, 128.0, 8.0, 97.0, 'Normal']
["'[02:23:15 22/10/1994]'", 73.0, 100.0, 60.0, 130.0, 127.0, 8.0, 97.0, 'Normal']
["'[02:23:16 22/10/1994]'", 73.0, 100.0, 60.0, 130.0, 127.0, 8.0, 97.0, 'Normal']
["'[02:23:17 22/10/1994]'", 73.0, 100.0, 60.0, 130.0, 127.0, 7.0, 97.0, 'Normal']
["'[02:23:18 22/10/1994]'", 72.0, 99.0, 60.0, 130.0, 126.0, 7.0, 97.0, 'Normal']
["'[02:23:19 22/10/1994]'", 72.0, 98.0, 59.0, 129.0, 126.0, 7.0, 97.0, 'Normal']
["'[02:23:20 22/10/1994]'", 72.0, 98.0, 59.0, 130.0, 126.0, 7.0, 97.0, 'Normal']
["'[02:23:21 22/10/1994]'", 72.0, 99.0, 59.0, 130.0, 126.0, 7.0, 97.0, 'Normal']
["'[02:23:22 22/10/1994]'", 72.0, 99.0, 59.0, 130.0, 126.0, 7.0, 97.0, 'Normal']
["'[02:23:23 22/10/1994]'", 71.0, 98.0, 59.0, 130.0, 123.0, 7.0, 97.0, 'Normal']
["'[02:23:24 22/10/1994]'", 71.0, 97.0, 59.0, 130.0, 123.0, 7.0, 97.0, 'Normal']
["'[02:23:25 22/10/1994]'", 71.0, 97.0, 59.0, 131.0, 120.0, 7.0, 97.0, 'Normal']
["'[02:23:26 22/10/1994]'", 72.0, 98.0, 59.0, 131.0, 118.0, 7.0, 97.0, 'Normal']
["'[02:23:27 22/10/1994]'", 72.0, 98.0, 59.0, 131.0, 118.0, 8.0, 97.0, 'Normal']
["'[02:23:28 22/10/1994]'", 72.0, 98.0, 59.0, 131.0, 118.0, 8.0, 97.0, 'Normal']
["'[02:23:29 22/10/1994]'", 71.0, 97.0, 59.0, 131.0, 118.0, 8.0, 97.0, 'Normal']
["'[02:23:30 22/10/1994]'", 72.0, 97.0, 59.0, 131.0, 115.0, 8.0, 97.0, 'Normal']
["'[02:23:31 22/10/1994]'", 73.0, 99.0, 60.0, 131.0, 115.0, 8.0, 97.0, 'Normal']
["'[02:23:32 22/10/1994]'", 73.0, 98.0, 60.0, 131.0, 113.0, 8.0, 97.0, 'Normal']
["'[02:23:33 22/10/1994]'", 72.0, 98.0, 60.0, 131.0, 113.0, 8.0, 97.0, 'Normal']
["'[02:23:34 22/10/1994]'", 72.0, 98.0, 60.0, 131.0, 113.0, 8.0, 97.0, 'Normal']
["'[02:23:35 22/10/1994]'", 73.0, 99.0, 60.0, 133.0, 113.0, 8.0, 97.0, 'Normal']
["'[02:23:36 22/10/1994]'", 73.0, 99.0, 61.0, 133.0, 113.0, 8.0, 97.0, 'Normal']
["'[02:23:37 22/10/1994]'", 73.0, 99.0, 61.0, 133.0, 113.0, 8.0, 97.0, 'Normal']
["'[02:23:39 22/10/1994]'", 73.0, 99.0, 61.0, 134.0, 118.0, 7.0, 97.0, 'Normal']
["'[02:23:40 22/10/1994]'", 73.0, 99.0, 61.0, 134.0, 118.0, 6.0, 97.0, 'Normal']
["'[02:23:41 22/10/1994]'", 74.0, 100.0, 62.0, 135.0, 118.0, 5.0, 97.0, 'Normal']
["'[02:23:42 22/10/1994]'", 74.0, 100.0, 62.0, 135.0, 118.0, 4.0, 97.0, 'Normal']
["'[02:23:43 22/10/1994]'", 74.0, 100.0, 62.0, 135.0, 118.0, 4.0, 97.0, 'Normal']
["'[02:23:44 22/10/1994]'", 74.0, 100.0, 62.0, 135.0, 116.0, 0.0, 97.0, 'Normal']
["'[02:23:45 22/10/1994]'", 75.0, 101.0, 62.0, 135.0, 116.0, 0.0, 97.0, 'Normal']
["'[02:23:46 22/10/1994]'", 75.0, 101.0, 62.0, 135.0, 116.0, 0.0, 97.0, 'Normal']
["'[02:23:47 22/10/1994]'", 75.0, 101.0, 62.0, 135.0, 116.0, 0.0, 97.0, 'Normal']
["'[02:23:48 22/10/1994]'", 75.0, 101.0, 62.0, 135.0, 119.0, 0.0, 97.0, 'Normal']
["'[02:23:49 22/10/1994]'", 76.0, 102.0, 63.0, 135.0, 119.0, 0.0, 97.0, 'Normal']
["'[02:23:50 22/10/1994]'", 76.0, 103.0, 64.0, 135.0, 119.0, 0.0, 97.0, 'Normal']
["'[02:23:51 22/10/1994]'", 75.0, 101.0, 63.0, 135.0, 130.0, 0.0, 97.0, 'Normal']
["'[02:23:52 22/10/1994]'", 75.0, 101.0, 63.0, 134.0, 132.0, 0.0, 97.0, 'Normal']
["'[02:23:53 22/10/1994]'", 75.0, 102.0, 63.0, 134.0, 132.0, 0.0, 97.0, 'Normal']
["'[02:23:54 22/10/1994]'", 75.0, 102.0, 63.0, 134.0, 132.0, 0.0, 97.0, 'Normal']
["'[02:23:55 22/10/1994]'", 76.0, 103.0, 63.0, 134.0, 132.0, 0.0, 97.0, 'Normal']
["'[02:23:56 22/10/1994]'", 76.0, 103.0, 63.0, 134.0, 132.0, 0.0, 97.0, 'Normal']
["'[02:23:57 22/10/1994]'", 75.0, 102.0, 63.0, 133.0, 132.0, 0.0, 97.0, 'Normal']
["'[02:23:58 22/10/1994]'", 75.0, 102.0, 63.0, 133.0, 130.0, 0.0, 97.0, 'Normal']
["'[02:23:59 22/10/1994]'", 75.0, 102.0, 63.0, 133.0, 128.0, 0.0, 97.0, 'Normal']
["'[02:24:00 22/10/1994]'", 75.0, 102.0, 63.0, 133.0, 128.0, 0.0, 97.0, 'Normal']
["'[02:24:01 22/10/1994]'", 75.0, 101.0, 62.0, 133.0, 128.0, 0.0, 97.0, 'Normal']
["'[02:24:02 22/10/1994]'", 74.0, 101.0, 62.0, 133.0, 128.0, 11.0, 97.0, 'Normal']
["'[02:24:03 22/10/1994]'", 74.0, 100.0, 61.0, 133.0, 128.0, 11.0, 97.0, 'Normal']
["'[02:24:04 22/10/1994]'", 75.0, 101.0, 62.0, 133.0, 126.0, 11.0, 97.0, 'Normal']
["'[02:24:05 22/10/1994]'", 74.0, 101.0, 62.0, 133.0, 126.0, 11.0, 98.0, 'Normal']
["'[02:24:06 22/10/1994]'", 74.0, 100.0, 61.0, 132.0, 126.0, 11.0, 97.0, 'Normal']
["'[02:24:07 22/10/1994]'", 73.0, 99.0, 60.0, 132.0, 126.0, 11.0, 97.0, 'Normal']
["'[02:24:08 22/10/1994]'", 73.0, 99.0, 60.0, 132.0, 126.0, 11.0, 97.0, 'Normal']
["'[02:24:09 22/10/1994]'", 73.0, 100.0, 61.0, 132.0, 126.0, 11.0, 97.0, 'Normal']
["'[02:24:10 22/10/1994]'", 72.0, 99.0, 60.0, 131.0, 126.0, 11.0, 97.0, 'Normal']
["'[02:24:11 22/10/1994]'", 72.0, 98.0, 60.0, 131.0, 122.0, 10.0, 97.0, 'Normal']
["'[02:24:12 22/10/1994]'", 71.0, 98.0, 59.0, 130.0, 122.0, 9.0, 97.0, 'Normal']
["'[02:24:13 22/10/1994]'", 71.0, 98.0, 59.0, 130.0, 122.0, 8.0, 97.0, 'Normal']
["'[02:24:14 22/10/1994]'", 71.0, 99.0, 59.0, 129.0, 123.0, 7.0, 97.0, 'Normal']
["'[02:24:15 22/10/1994]'", 72.0, 98.0, 59.0, 129.0, 123.0, 7.0, 97.0, 'Normal']
["'[02:24:16 22/10/1994]'", 71.0, 98.0, 59.0, 129.0, 123.0, 7.0, 97.0, 'Normal']
["'[02:24:17 22/10/1994]'", 71.0, 97.0, 59.0, 128.0, 120.0, 7.0, 97.0, 'Normal']
["'[02:24:18 22/10/1994]'", 71.0, 97.0, 58.0, 128.0, 120.0, 7.0, 97.0, 'Normal']
["'[02:24:19 22/10/1994]'", 72.0, 98.0, 59.0, 128.0, 120.0, 7.0, 97.0, 'Normal']
["'[02:24:20 22/10/1994]'", 71.0, 97.0, 59.0, 128.0, 119.0, 7.0, 97.0, 'Normal']
["'[02:24:22 22/10/1994]'", 71.0, 97.0, 59.0, 129.0, 119.0, 7.0, 97.0, 'Normal']
["'[02:24:23 22/10/1994]'", 71.0, 97.0, 58.0, 129.0, 116.0, 7.0, 97.0, 'Normal']
["'[02:24:24 22/10/1994]'", 70.0, 96.0, 58.0, 130.0, 116.0, 7.0, 97.0, 'Normal']
["'[02:24:25 22/10/1994]'", 71.0, 97.0, 58.0, 130.0, 119.0, 7.0, 97.0, 'Normal']
["'[02:24:26 22/10/1994]'", 71.0, 96.0, 59.0, 130.0, 124.0, 7.0, 97.0, 'Normal']
["'[02:24:27 22/10/1994]'", 71.0, 96.0, 58.0, 130.0, 124.0, 7.0, 97.0, 'Normal']
["'[02:24:28 22/10/1994]'", 71.0, 97.0, 59.0, 131.0, 124.0, 7.0, 97.0, 'Normal']
["'[02:24:29 22/10/1994]'", 71.0, 97.0, 59.0, 131.0, 125.0, 7.0, 97.0, 'Normal']
["'[02:24:30 22/10/1994]'", 71.0, 97.0, 59.0, 131.0, 126.0, 7.0, 97.0, 'Normal']
["'[02:24:31 22/10/1994]'", 72.0, 98.0, 59.0, 132.0, 126.0, 7.0, 97.0, 'Normal']
["'[02:24:32 22/10/1994]'", 73.0, 99.0, 60.0, 133.0, 126.0, 7.0, 97.0, 'Normal']
["'[02:24:33 22/10/1994]'", 72.0, 98.0, 60.0, 133.0, 126.0, 6.0, 97.0, 'Normal']
["'[02:24:34 22/10/1994]'", 71.0, 97.0, 59.0, 134.0, 129.0, 6.0, 97.0, 'Normal']
["'[02:24:35 22/10/1994]'", 71.0, 96.0, 58.0, 134.0, 129.0, 6.0, 97.0, 'Normal']
["'[02:24:36 22/10/1994]'", 72.0, 98.0, 59.0, 134.0, 129.0, 6.0, 97.0, 'Normal']
["'[02:24:37 22/10/1994]'", 72.0, 98.0, 59.0, 134.0, 130.0, 6.0, 97.0, 'Normal']
["'[02:24:38 22/10/1994]'", 72.0, 97.0, 59.0, 134.0, 130.0, 6.0, 97.0, 'Normal']
["'[02:24:39 22/10/1994]'", 71.0, 97.0, 59.0, 134.0, 130.0, 6.0, 97.0, 'Normal']
["'[02:24:40 22/10/1994]'", 72.0, 99.0, 59.0, 135.0, 130.0, 6.0, 97.0, 'Normal']
["'[02:24:41 22/10/1994]'", 72.0, 98.0, 60.0, 135.0, 130.0, 6.0, 97.0, 'Normal']
["'[02:24:42 22/10/1994]'", 72.0, 98.0, 59.0, 135.0, 130.0, 6.0, 97.0, 'Normal']
["'[02:24:43 22/10/1994]'", 72.0, 97.0, 59.0, 135.0, 130.0, 6.0, 97.0, 'Normal']
["'[02:24:44 22/10/1994]'", 72.0, 97.0, 59.0, 135.0, 121.0, 6.0, 97.0, 'Normal']
["'[02:24:45 22/10/1994]'", 72.0, 98.0, 60.0, 135.0, 121.0, 6.0, 97.0, 'Normal']
["'[02:24:46 22/10/1994]'", 72.0, 98.0, 60.0, 135.0, 121.0, 6.0, 97.0, 'Normal']
["'[02:24:47 22/10/1994]'", 72.0, 98.0, 60.0, 135.0, 121.0, 6.0, 97.0, 'Normal']
["'[02:24:48 22/10/1994]'", 72.0, 98.0, 60.0, 135.0, 117.0, 6.0, 97.0, 'Normal']
["'[02:24:49 22/10/1994]'", 73.0, 99.0, 60.0, 135.0, 117.0, 6.0, 97.0, 'Normal']
["'[02:24:50 22/10/1994]'", 73.0, 99.0, 60.0, 135.0, 117.0, 6.0, 97.0, 'Normal']
["'[02:24:51 22/10/1994]'", 73.0, 99.0, 60.0, 135.0, 120.0, 6.0, 97.0, 'Normal']
["'[02:24:52 22/10/1994]'", 73.0, 98.0, 60.0, 135.0, 122.0, 6.0, 97.0, 'Normal']
["'[02:24:53 22/10/1994]'", 72.0, 98.0, 60.0, 135.0, 122.0, 6.0, 97.0, 'Normal']
["'[02:24:54 22/10/1994]'", 72.0, 98.0, 60.0, 135.0, 122.0, 6.0, 97.0, 'Normal']
["'[02:24:55 22/10/1994]'", 74.0, 100.0, 61.0, 135.0, 122.0, 6.0, 97.0, 'Normal']
["'[02:24:56 22/10/1994]'", 74.0, 100.0, 61.0, 134.0, 122.0, 6.0, 97.0, 'Normal']
["'[02:24:57 22/10/1994]'", 73.0, 100.0, 61.0, 134.0, 125.0, 6.0, 97.0, 'Normal']
["'[02:24:58 22/10/1994]'", 73.0, 99.0, 61.0, 134.0, 125.0, 6.0, 97.0, 'Normal']
["'[02:24:59 22/10/1994]'", 74.0, 101.0, 61.0, 134.0, 125.0, 6.0, 97.0, 'Normal']
["'[02:25:00 22/10/1994]'", 74.0, 100.0, 61.0, 133.0, 123.0, 7.0, 97.0, 'Normal']
["'[02:25:01 22/10/1994]'", 73.0, 99.0, 61.0, 133.0, 123.0, 7.0, 97.0, 'Normal']
["'[02:25:02 22/10/1994]'", 73.0, 99.0, 60.0, 133.0, 123.0, 7.0, 97.0, 'Normal']
["'[02:25:04 22/10/1994]'", 74.0, 100.0, 61.0, 133.0, 123.0, 7.0, 97.0, 'Normal']
["'[02:25:05 22/10/1994]'", 74.0, 100.0, 62.0, 133.0, 123.0, 7.0, 97.0, 'Normal']
["'[02:25:06 22/10/1994]'", 73.0, 99.0, 61.0, 133.0, 123.0, 7.0, 97.0, 'Normal']
["'[02:25:07 22/10/1994]'", 73.0, 99.0, 61.0, 133.0, 123.0, 7.0, 97.0, 'Normal']
["'[02:25:08 22/10/1994]'", 73.0, 99.0, 61.0, 133.0, 122.0, 7.0, 97.0, 'Normal']
["'[02:25:09 22/10/1994]'", 73.0, 98.0, 61.0, 133.0, 122.0, 7.0, 97.0, 'Normal']
["'[02:25:10 22/10/1994]'", 74.0, 100.0, 61.0, 133.0, 122.0, 7.0, 97.0, 'Normal']
["'[02:25:11 22/10/1994]'", 74.0, 100.0, 61.0, 133.0, 123.0, 7.0, 97.0, 'Normal']
["'[02:25:12 22/10/1994]'", 74.0, 100.0, 61.0, 133.0, 123.0, 7.0, 97.0, 'Normal']
["'[02:25:13 22/10/1994]'", 73.0, 99.0, 61.0, 133.0, 122.0, 7.0, 97.0, 'Normal']
["'[02:25:14 22/10/1994]'", 73.0, 99.0, 61.0, 133.0, 122.0, 6.0, 97.0, 'Normal']
["'[02:25:15 22/10/1994]'", 72.0, 98.0, 60.0, 133.0, 122.0, 5.0, 97.0, 'Normal']
["'[02:25:16 22/10/1994]'", 73.0, 99.0, 61.0, 132.0, 122.0, 4.0, 97.0, 'Normal']
["'[02:25:17 22/10/1994]'", 72.0, 98.0, 60.0, 132.0, 119.0, 6.0, 97.0, 'Normal']
["'[02:25:18 22/10/1994]'", 71.0, 97.0, 59.0, 132.0, 119.0, 6.0, 97.0, 'Normal']
["'[02:25:19 22/10/1994]'", 71.0, 97.0, 59.0, 131.0, 118.0, 6.0, 97.0, 'Normal']
["'[02:25:20 22/10/1994]'", 71.0, 97.0, 59.0, 131.0, 121.0, 6.0, 97.0, 'Normal']
["'[02:25:21 22/10/1994]'", 72.0, 98.0, 59.0, 131.0, 124.0, 6.0, 97.0, 'Normal']
["'[02:25:22 22/10/1994]'", 71.0, 97.0, 59.0, 130.0, 128.0, 6.0, 97.0, 'Normal']
["'[02:25:23 22/10/1994]'", 71.0, 97.0, 59.0, 130.0, 128.0, 6.0, 97.0, 'Normal']
["'[02:25:24 22/10/1994]'", 71.0, 96.0, 59.0, 132.0, 129.0, 6.0, 97.0, 'Normal']
["'[02:25:25 22/10/1994]'", 71.0, 97.0, 59.0, 132.0, 129.0, 6.0, 97.0, 'Normal']
["'[02:25:26 22/10/1994]'", 71.0, 97.0, 59.0, 132.0, 129.0, 6.0, 97.0, 'Normal']
["'[02:25:27 22/10/1994]'", 72.0, 98.0, 59.0, 132.0, 129.0, 7.0, 97.0, 'Normal']
["'[02:25:28 22/10/1994]'", 72.0, 98.0, 60.0, 133.0, 128.0, 7.0, 97.0, 'Normal']
["'[02:25:29 22/10/1994]'", 72.0, 97.0, 59.0, 133.0, 127.0, 7.0, 97.0, 'Normal']
["'[02:25:30 22/10/1994]'", 71.0, 97.0, 59.0, 132.0, 127.0, 7.0, 97.0, 'Normal']
["'[02:25:31 22/10/1994]'", 72.0, 98.0, 59.0, 132.0, 123.0, 7.0, 97.0, 'Normal']
["'[02:25:32 22/10/1994]'", 72.0, 98.0, 59.0, 132.0, 123.0, 7.0, 97.0, 'Normal']
["'[02:25:33 22/10/1994]'", 71.0, 97.0, 59.0, 132.0, 123.0, 7.0, 97.0, 'Normal']
["'[02:25:34 22/10/1994]'", 71.0, 96.0, 58.0, 132.0, 121.0, 7.0, 97.0, 'Normal']
["'[02:25:35 22/10/1994]'", 71.0, 96.0, 58.0, 132.0, 121.0, 7.0, 97.0, 'Normal']
["'[02:25:36 22/10/1994]'", 70.0, 96.0, 58.0, 132.0, 121.0, 7.0, 97.0, 'Normal']
["'[02:25:37 22/10/1994]'", 71.0, 97.0, 59.0, 132.0, 125.0, 7.0, 97.0, 'Normal']
["'[02:25:38 22/10/1994]'", 70.0, 96.0, 58.0, 132.0, 127.0, 7.0, 97.0, 'Normal']
["'[02:25:39 22/10/1994]'", 70.0, 95.0, 58.0, 132.0, 127.0, 7.0, 97.0, 'Normal']
["'[02:25:40 22/10/1994]'", 70.0, 95.0, 58.0, 132.0, 129.0, 7.0, 97.0, 'Normal']
["'[02:25:41 22/10/1994]'", 70.0, 95.0, 57.0, 132.0, 130.0, 7.0, 97.0, 'Normal']
["'[02:25:42 22/10/1994]'", 70.0, 95.0, 57.0, 132.0, 130.0, 7.0, 97.0, 'Normal']
["'[02:25:43 22/10/1994]'", 71.0, 96.0, 58.0, 132.0, 129.0, 7.0, 97.0, 'Normal']
["'[02:25:44 22/10/1994]'", 71.0, 96.0, 58.0, 132.0, 132.0, 7.0, 97.0, 'Normal']
["'[02:25:45 22/10/1994]'", 70.0, 95.0, 58.0, 132.0, 132.0, 7.0, 97.0, 'Normal']
["'[02:25:47 22/10/1994]'", 70.0, 95.0, 57.0, 132.0, 132.0, 7.0, 97.0, 'Normal']
["'[02:25:48 22/10/1994]'", 70.0, 95.0, 57.0, 132.0, 132.0, 7.0, 97.0, 'Normal']
["'[02:25:49 22/10/1994]'", 70.0, 96.0, 57.0, 132.0, 132.0, 7.0, 97.0, 'Normal']
["'[02:25:50 22/10/1994]'", 70.0, 96.0, 58.0, 133.0, 132.0, 7.0, 97.0, 'Normal']
["'[02:25:51 22/10/1994]'", 70.0, 95.0, 57.0, 133.0, 132.0, 7.0, 97.0, 'Normal']
["'[02:25:52 22/10/1994]'", 69.0, 95.0, 57.0, 133.0, 132.0, 7.0, 97.0, 'Normal']
["'[02:25:53 22/10/1994]'", 69.0, 95.0, 57.0, 133.0, 130.0, 7.0, 97.0, 'Normal']
["'[02:25:54 22/10/1994]'", 69.0, 95.0, 57.0, 133.0, 130.0, 7.0, 97.0, 'Normal']
["'[02:25:55 22/10/1994]'", 69.0, 94.0, 57.0, 133.0, 130.0, 7.0, 97.0, 'Normal']
["'[02:25:56 22/10/1994]'", 69.0, 94.0, 57.0, 133.0, 130.0, 7.0, 97.0, 'Normal']
["'[02:25:57 22/10/1994]'", 69.0, 94.0, 57.0, 133.0, 131.0, 7.0, 97.0, 'Normal']
["'[02:25:58 22/10/1994]'", 69.0, 94.0, 57.0, 133.0, 130.0, 7.0, 97.0, 'Normal']
["'[02:25:59 22/10/1994]'", 69.0, 95.0, 57.0, 133.0, 129.0, 7.0, 97.0, 'Normal']
["'[02:26:00 22/10/1994]'", 70.0, 95.0, 57.0, 133.0, 129.0, 7.0, 97.0, 'Normal']
["'[02:26:01 22/10/1994]'", 69.0, 95.0, 57.0, 133.0, 129.0, 7.0, 97.0, 'Normal']
["'[02:26:02 22/10/1994]'", 69.0, 93.0, 56.0, 132.0, 129.0, 7.0, 97.0, 'Normal']
["'[02:26:03 22/10/1994]'", 69.0, 94.0, 56.0, 132.0, 129.0, 7.0, 97.0, 'Normal']
["'[02:26:04 22/10/1994]'", 68.0, 93.0, 56.0, 132.0, 129.0, 7.0, 97.0, 'Normal']
["'[02:26:05 22/10/1994]'", 68.0, 93.0, 56.0, 132.0, 129.0, 7.0, 97.0, 'Normal']
["'[02:26:06 22/10/1994]'", 68.0, 93.0, 56.0, 132.0, 126.0, 7.0, 97.0, 'Normal']
["'[02:26:07 22/10/1994]'", 68.0, 93.0, 56.0, 132.0, 118.0, 7.0, 97.0, 'Normal']
["'[02:26:08 22/10/1994]'", 69.0, 94.0, 56.0, 132.0, 120.0, 7.0, 97.0, 'Normal']
["'[02:26:09 22/10/1994]'", 69.0, 95.0, 57.0, 132.0, 120.0, 7.0, 97.0, 'Normal']
["'[02:26:10 22/10/1994]'", 69.0, 95.0, 57.0, 132.0, 132.0, 0.0, 97.0, 'Normal']
["'[02:26:11 22/10/1994]'", 69.0, 94.0, 57.0, 132.0, 133.0, 0.0, 97.0, 'Normal']
["'[02:26:12 22/10/1994]'", 69.0, 94.0, 57.0, 133.0, 133.0, 0.0, 97.0, 'Normal']
["'[02:26:13 22/10/1994]'", 70.0, 96.0, 58.0, 133.0, 134.0, 0.0, 97.0, 'Normal']
["'[02:26:14 22/10/1994]'", 71.0, 96.0, 58.0, 134.0, 134.0, 0.0, 97.0, 'Normal']
["'[02:26:15 22/10/1994]'", 71.0, 96.0, 58.0, 134.0, 134.0, 0.0, 97.0, 'Normal']
["'[02:26:16 22/10/1994]'", 71.0, 95.0, 58.0, 135.0, 131.0, 0.0, 97.0, 'Normal']
["'[02:26:17 22/10/1994]'", 71.0, 95.0, 58.0, 135.0, 130.0, 0.0, 97.0, 'Normal']
["'[02:26:18 22/10/1994]'", 72.0, 97.0, 59.0, 135.0, 130.0, 0.0, 97.0, 'Normal']
["'[02:26:19 22/10/1994]'", 72.0, 96.0, 59.0, 135.0, 130.0, 0.0, 97.0, 'Normal']
["'[02:26:20 22/10/1994]'", 71.0, 96.0, 59.0, 136.0, 130.0, 0.0, 97.0, 'Normal']
["'[02:26:21 22/10/1994]'", 71.0, 96.0, 59.0, 136.0, 129.0, 0.0, 97.0, 'Normal']
["'[02:26:22 22/10/1994]'", 72.0, 97.0, 59.0, 136.0, 128.0, 0.0, 97.0, 'Normal']
["'[02:26:23 22/10/1994]'", 73.0, 98.0, 60.0, 136.0, 128.0, 0.0, 97.0, 'Normal']
["'[02:26:24 22/10/1994]'", 73.0, 98.0, 60.0, 136.0, 128.0, 0.0, 97.0, 'Normal']
["'[02:26:25 22/10/1994]'", 72.0, 97.0, 60.0, 136.0, 128.0, 0.0, 97.0, 'Normal']
["'[02:26:26 22/10/1994]'", 72.0, 97.0, 60.0, 136.0, 128.0, 0.0, 97.0, 'Normal']
["'[02:26:27 22/10/1994]'", 73.0, 98.0, 61.0, 137.0, 128.0, 0.0, 97.0, 'Normal']
["'[02:26:28 22/10/1994]'", 73.0, 98.0, 60.0, 137.0, 130.0, 0.0, 97.0, 'Normal']
["'[02:26:30 22/10/1994]'", 72.0, 98.0, 60.0, 137.0, 130.0, 9.0, 97.0, 'Normal']
["'[02:26:31 22/10/1994]'", 72.0, 97.0, 60.0, 137.0, 130.0, 9.0, 97.0, 'Normal']
["'[02:26:32 22/10/1994]'", 73.0, 99.0, 60.0, 136.0, 128.0, 9.0, 97.0, 'Normal']
["'[02:26:33 22/10/1994]'", 73.0, 98.0, 60.0, 136.0, 129.0, 10.0, 97.0, 'Normal']
["'[02:26:34 22/10/1994]'", 72.0, 98.0, 60.0, 135.0, 129.0, 10.0, 97.0, 'Normal']
["'[02:26:35 22/10/1994]'", 72.0, 97.0, 59.0, 135.0, 132.0, 10.0, 97.0, 'Normal']
["'[02:26:36 22/10/1994]'", 72.0, 97.0, 59.0, 135.0, 132.0, 10.0, 97.0, 'Normal']
["'[02:26:37 22/10/1994]'", 72.0, 98.0, 60.0, 135.0, 132.0, 10.0, 97.0, 'Normal']
["'[02:26:38 22/10/1994]'", 72.0, 98.0, 60.0, 135.0, 132.0, 10.0, 97.0, 'Normal']
["'[02:26:39 22/10/1994]'", 72.0, 98.0, 60.0, 135.0, 132.0, 10.0, 97.0, 'Normal']
["'[02:26:40 22/10/1994]'", 72.0, 98.0, 60.0, 135.0, 132.0, 10.0, 97.0, 'Normal']
["'[02:26:41 22/10/1994]'", 72.0, 97.0, 60.0, 135.0, 132.0, 10.0, 97.0, 'Normal']
["'[02:26:42 22/10/1994]'", 72.0, 97.0, 59.0, 135.0, 129.0, 9.0, 97.0, 'Normal']
["'[02:26:43 22/10/1994]'", 73.0, 99.0, 60.0, 135.0, 128.0, 8.0, 97.0, 'Normal']
["'[02:26:44 22/10/1994]'", 72.0, 98.0, 60.0, 135.0, 128.0, 7.0, 97.0, 'Normal']
["'[02:26:45 22/10/1994]'", 71.0, 97.0, 59.0, 135.0, 128.0, 6.0, 97.0, 'Normal']
["'[02:26:46 22/10/1994]'", 71.0, 96.0, 58.0, 134.0, 128.0, 5.0, 97.0, 'Normal']
["'[02:26:47 22/10/1994]'", 71.0, 96.0, 58.0, 134.0, 127.0, 4.0, 97.0, 'Normal']
["'[02:26:48 22/10/1994]'", 71.0, 98.0, 59.0, 133.0, 127.0, 4.0, 97.0, 'Normal']
["'[02:26:49 22/10/1994]'", 71.0, 97.0, 58.0, 133.0, 127.0, 0.0, 97.0, 'Normal']
["'[02:26:50 22/10/1994]'", 71.0, 97.0, 58.0, 132.0, 127.0, 0.0, 97.0, 'Normal']
["'[02:26:51 22/10/1994]'", 70.0, 97.0, 58.0, 132.0, 127.0, 0.0, 97.0, 'Normal']
["'[02:26:52 22/10/1994]'", 70.0, 96.0, 58.0, 132.0, 125.0, 0.0, 97.0, 'Normal']
["'[02:26:53 22/10/1994]'", 71.0, 97.0, 58.0, 132.0, 125.0, 0.0, 97.0, 'Normal']
["'[02:26:54 22/10/1994]'", 71.0, 97.0, 58.0, 131.0, 125.0, 0.0, 97.0, 'Normal']
["'[02:26:55 22/10/1994]'", 70.0, 95.0, 57.0, 131.0, 125.0, 0.0, 97.0, 'Normal']
["'[02:26:56 22/10/1994]'", 69.0, 95.0, 57.0, 131.0, 125.0, 0.0, 97.0, 'Normal']
["'[02:26:57 22/10/1994]'", 69.0, 94.0, 57.0, 130.0, 124.0, 0.0, 97.0, 'Normal']
["'[02:26:58 22/10/1994]'", 70.0, 96.0, 57.0, 130.0, 124.0, 0.0, 97.0, 'Normal']
["'[02:26:59 22/10/1994]'", 69.0, 95.0, 57.0, 130.0, 124.0, 0.0, 97.0, 'Normal']
["'[02:27:00 22/10/1994]'", 69.0, 94.0, 57.0, 130.0, 120.0, 0.0, 97.0, 'Normal']
["'[02:27:01 22/10/1994]'", 68.0, 93.0, 57.0, 130.0, 118.0, 0.0, 97.0, 'Normal']
["'[02:27:02 22/10/1994]'", 69.0, 95.0, 57.0, 129.0, 116.0, 0.0, 97.0, 'Normal']
["'[02:27:03 22/10/1994]'", 69.0, 95.0, 57.0, 129.0, 120.0, 0.0, 97.0, 'Normal']
["'[02:27:04 22/10/1994]'", 69.0, 95.0, 57.0, 129.0, 120.0, 0.0, 97.0, 'Normal']
["'[02:27:05 22/10/1994]'", 69.0, 95.0, 57.0, 129.0, 125.0, 0.0, 97.0, 'Normal']
["'[02:27:06 22/10/1994]'", 69.0, 94.0, 57.0, 130.0, 125.0, 0.0, 97.0, 'Normal']
["'[02:27:07 22/10/1994]'", 70.0, 96.0, 57.0, 130.0, 125.0, 0.0, 97.0, 'Normal']
["'[02:27:08 22/10/1994]'", 70.0, 96.0, 57.0, 130.0, 125.0, 0.0, 97.0, 'Normal']
["'[02:27:09 22/10/1994]'", 69.0, 95.0, 57.0, 130.0, 126.0, 0.0, 97.0, 'Normal']
["'[02:27:10 22/10/1994]'", 69.0, 95.0, 57.0, 130.0, 126.0, 0.0, 97.0, 'Normal']
["'[02:27:12 22/10/1994]'", 69.0, 94.0, 57.0, 130.0, 124.0, 0.0, 97.0, 'Normal']
["'[02:27:13 22/10/1994]'", 70.0, 96.0, 57.0, 130.0, 124.0, 0.0, 97.0, 'Normal']
["'[02:27:14 22/10/1994]'", 70.0, 96.0, 58.0, 130.0, 124.0, 0.0, 97.0, 'Normal']
["'[02:27:15 22/10/1994]'", 70.0, 95.0, 58.0, 130.0, 124.0, 0.0, 97.0, 'Normal']
["'[02:27:16 22/10/1994]'", 70.0, 95.0, 58.0, 130.0, 124.0, 0.0, 97.0, 'Normal']
["'[02:27:17 22/10/1994]'", 70.0, 95.0, 58.0, 130.0, 124.0, 0.0, 97.0, 'Normal']
["'[02:27:18 22/10/1994]'", 70.0, 95.0, 57.0, 131.0, 124.0, 0.0, 97.0, 'Normal']
["'[02:27:19 22/10/1994]'", 70.0, 96.0, 58.0, 131.0, 124.0, 0.0, 97.0, 'Normal']
["'[02:27:20 22/10/1994]'", 70.0, 95.0, 58.0, 131.0, 124.0, 0.0, 97.0, 'Normal']
["'[02:27:21 22/10/1994]'", 70.0, 95.0, 58.0, 131.0, 129.0, 0.0, 97.0, 'Normal']
["'[02:27:22 22/10/1994]'", 70.0, 96.0, 58.0, 132.0, 130.0, 0.0, 97.0, 'Normal']
["'[02:27:23 22/10/1994]'", 70.0, 95.0, 58.0, 132.0, 130.0, 0.0, 97.0, 'Normal']
["'[02:27:24 22/10/1994]'", 70.0, 95.0, 58.0, 133.0, 130.0, 0.0, 97.0, 'Normal']
["'[02:27:25 22/10/1994]'", 70.0, 95.0, 58.0, 133.0, 132.0, 0.0, 97.0, 'Normal']
["'[02:27:26 22/10/1994]'", 70.0, 95.0, 58.0, 135.0, 132.0, 0.0, 97.0, 'Normal']
["'[02:27:27 22/10/1994]'", 72.0, 97.0, 59.0, 135.0, 132.0, 0.0, 97.0, 'Normal']
["'[02:27:28 22/10/1994]'", 71.0, 97.0, 59.0, 135.0, 132.0, 0.0, 97.0, 'Normal']
["'[02:27:29 22/10/1994]'", 71.0, 96.0, 59.0, 135.0, 132.0, 0.0, 97.0, 'Normal']
["'[02:27:30 22/10/1994]'", 70.0, 95.0, 58.0, 135.0, 132.0, 0.0, 97.0, 'Normal']
["'[02:27:31 22/10/1994]'", 71.0, 97.0, 59.0, 135.0, 132.0, 0.0, 97.0, 'Normal']
["'[02:27:32 22/10/1994]'", 71.0, 96.0, 59.0, 135.0, 132.0, 0.0, 97.0, 'Normal']
["'[02:27:33 22/10/1994]'", 71.0, 96.0, 59.0, 135.0, 132.0, 7.0, 97.0, 'Normal']
["'[02:27:34 22/10/1994]'", 71.0, 96.0, 59.0, 134.0, 132.0, 7.0, 97.0, 'Normal']
["'[02:27:35 22/10/1994]'", 72.0, 97.0, 59.0, 134.0, 132.0, 7.0, 97.0, 'Normal']
["'[02:27:36 22/10/1994]'", 72.0, 98.0, 60.0, 134.0, 123.0, 8.0, 97.0, 'Normal']
["'[02:27:37 22/10/1994]'", 72.0, 98.0, 60.0, 134.0, 123.0, 8.0, 97.0, 'Normal']
["'[02:27:38 22/10/1994]'", 72.0, 97.0, 59.0, 135.0, 125.0, 8.0, 97.0, 'Normal']
["'[02:27:39 22/10/1994]'", 72.0, 98.0, 59.0, 135.0, 125.0, 8.0, 97.0, 'Normal']
["'[02:27:40 22/10/1994]'", 72.0, 97.0, 59.0, 134.0, 125.0, 8.0, 97.0, 'Normal']
["'[02:27:41 22/10/1994]'", 73.0, 98.0, 60.0, 134.0, 125.0, 8.0, 97.0, 'Normal']
["'[02:27:42 22/10/1994]'", 72.0, 98.0, 60.0, 134.0, 124.0, 8.0, 97.0, 'Normal']
["'[02:27:43 22/10/1994]'", 72.0, 98.0, 60.0, 134.0, 124.0, 8.0, 97.0, 'Normal']
["'[02:27:44 22/10/1994]'", 71.0, 97.0, 59.0, 134.0, 124.0, 8.0, 97.0, 'Normal']
["'[02:27:45 22/10/1994]'", 71.0, 98.0, 59.0, 134.0, 124.0, 7.0, 97.0, 'Normal']
["'[02:27:46 22/10/1994]'", 71.0, 97.0, 59.0, 134.0, 127.0, 6.0, 97.0, 'Normal']
["'[02:27:47 22/10/1994]'", 71.0, 96.0, 58.0, 134.0, 127.0, 5.0, 97.0, 'Normal']
["'[02:27:48 22/10/1994]'", 70.0, 95.0, 58.0, 134.0, 124.0, 4.0, 97.0, 'Normal']
["'[02:27:49 22/10/1994]'", 70.0, 95.0, 58.0, 133.0, 122.0, 3.0, 97.0, 'Normal']
["'[02:27:50 22/10/1994]'", 70.0, 95.0, 58.0, 133.0, 126.0, 2.0, 97.0, 'Normal']
["'[02:27:51 22/10/1994]'", 70.0, 96.0, 58.0, 133.0, 126.0, 2.0, 97.0, 'Normal']
["'[02:27:52 22/10/1994]'", 70.0, 96.0, 58.0, 133.0, 126.0, 0.0, 97.0, 'Normal']
["'[02:27:53 22/10/1994]'", 70.0, 96.0, 58.0, 133.0, 129.0, 0.0, 97.0, 'Normal']
["'[02:27:55 22/10/1994]'", 69.0, 95.0, 58.0, 133.0, 129.0, 0.0, 97.0, 'Normal']
["'[02:27:56 22/10/1994]'", 70.0, 95.0, 57.0, 133.0, 129.0, 0.0, 97.0, 'Normal']
["'[02:27:57 22/10/1994]'", 70.0, 96.0, 58.0, 133.0, 129.0, 0.0, 97.0, 'Normal']
["'[02:27:58 22/10/1994]'", 70.0, 95.0, 58.0, 132.0, 128.0, 0.0, 97.0, 'Normal']
["'[02:27:59 22/10/1994]'", 69.0, 94.0, 57.0, 132.0, 126.0, 0.0, 97.0, 'Normal']
["'[02:28:00 22/10/1994]'", 68.0, 94.0, 56.0, 132.0, 121.0, 0.0, 97.0, 'Normal']
["'[02:28:01 22/10/1994]'", 68.0, 94.0, 56.0, 132.0, 121.0, 0.0, 97.0, 'Normal']
["'[02:28:02 22/10/1994]'", 69.0, 94.0, 56.0, 131.0, 121.0, 0.0, 97.0, 'Normal']
["'[02:28:03 22/10/1994]'", 69.0, 95.0, 57.0, 131.0, 127.0, 0.0, 97.0, 'Normal']
["'[02:28:04 22/10/1994]'", 68.0, 94.0, 56.0, 130.0, 127.0, 0.0, 97.0, 'Normal']
["'[02:28:05 22/10/1994]'", 68.0, 93.0, 56.0, 130.0, 128.0, 0.0, 97.0, 'Normal']
["'[02:28:06 22/10/1994]'", 68.0, 93.0, 56.0, 131.0, 128.0, 0.0, 97.0, 'Normal']
["'[02:28:07 22/10/1994]'", 68.0, 93.0, 55.0, 131.0, 129.0, 0.0, 97.0, 'Normal']
["'[02:28:08 22/10/1994]'", 68.0, 94.0, 56.0, 131.0, 128.0, 0.0, 97.0, 'Normal']
["'[02:28:09 22/10/1994]'", 68.0, 93.0, 56.0, 131.0, 128.0, 0.0, 97.0, 'Normal']
["'[02:28:10 22/10/1994]'", 68.0, 93.0, 56.0, 130.0, 130.0, 0.0, 97.0, 'Normal']
["'[02:28:11 22/10/1994]'", 68.0, 92.0, 55.0, 130.0, 130.0, 0.0, 97.0, 'Normal']
["'[02:28:12 22/10/1994]'", 69.0, 94.0, 56.0, 130.0, 131.0, 0.0, 97.0, 'Normal']
["'[02:28:13 22/10/1994]'", 68.0, 93.0, 56.0, 130.0, 131.0, 0.0, 97.0, 'Normal']
["'[02:28:14 22/10/1994]'", 68.0, 93.0, 55.0, 131.0, 131.0, 0.0, 97.0, 'Normal']
["'[02:28:15 22/10/1994]'", 68.0, 93.0, 55.0, 131.0, 129.0, 0.0, 97.0, 'Normal']
["'[02:28:16 22/10/1994]'", 68.0, 92.0, 55.0, 131.0, 128.0, 0.0, 97.0, 'Normal']
["'[02:28:17 22/10/1994]'", 68.0, 94.0, 56.0, 131.0, 128.0, 0.0, 97.0, 'Normal']
["'[02:28:18 22/10/1994]'", 68.0, 93.0, 56.0, 130.0, 127.0, 0.0, 97.0, 'Normal']
["'[02:28:19 22/10/1994]'", 68.0, 93.0, 56.0, 130.0, 127.0, 6.0, 97.0, 'Normal']
["'[02:28:20 22/10/1994]'", 68.0, 93.0, 56.0, 129.0, 127.0, 6.0, 97.0, 'Normal']
["'[02:28:21 22/10/1994]'", 67.0, 92.0, 55.0, 129.0, 127.0, 6.0, 97.0, 'Normal']
["'[02:28:22 22/10/1994]'", 67.0, 92.0, 55.0, 129.0, 127.0, 6.0, 97.0, 'Normal']
["'[02:28:23 22/10/1994]'", 68.0, 93.0, 56.0, 129.0, 127.0, 6.0, 97.0, 'Normal']
["'[02:28:24 22/10/1994]'", 68.0, 93.0, 56.0, 130.0, 127.0, 6.0, 97.0, 'Normal']
["'[02:28:25 22/10/1994]'", 68.0, 93.0, 56.0, 130.0, 127.0, 6.0, 97.0, 'Normal']
["'[02:28:26 22/10/1994]'", 68.0, 92.0, 56.0, 130.0, 127.0, 6.0, 97.0, 'Normal']
["'[02:28:27 22/10/1994]'", 67.0, 92.0, 56.0, 130.0, 127.0, 6.0, 97.0, 'Normal']
["'[02:28:28 22/10/1994]'", 68.0, 92.0, 55.0, 131.0, 127.0, 6.0, 97.0, 'Normal']
["'[02:28:29 22/10/1994]'", 68.0, 93.0, 56.0, 131.0, 127.0, 6.0, 97.0, 'Normal']
["'[02:28:30 22/10/1994]'", 67.0, 92.0, 55.0, 131.0, 127.0, 6.0, 97.0, 'Normal']
["'[02:28:31 22/10/1994]'", 67.0, 91.0, 55.0, 131.0, 127.0, 6.0, 97.0, 'Normal']
["'[02:28:32 22/10/1994]'", 67.0, 91.0, 55.0, 131.0, 125.0, 6.0, 97.0, 'Normal']
["'[02:28:33 22/10/1994]'", 67.0, 91.0, 55.0, 130.0, 125.0, 6.0, 97.0, 'Normal']
["'[02:28:34 22/10/1994]'", 68.0, 93.0, 55.0, 130.0, 125.0, 6.0, 97.0, 'Normal']
["'[02:28:35 22/10/1994]'", 67.0, 91.0, 55.0, 130.0, 127.0, 6.0, 97.0, 'Normal']
["'[02:28:36 22/10/1994]'", 67.0, 91.0, 54.0, 130.0, 131.0, 6.0, 97.0, 'Normal']
["'[02:28:38 22/10/1994]'", 66.0, 90.0, 54.0, 131.0, 131.0, 6.0, 97.0, 'Normal']
["'[02:28:39 22/10/1994]'", 67.0, 91.0, 54.0, 131.0, 131.0, 6.0, 97.0, 'Normal']
["'[02:28:40 22/10/1994]'", 67.0, 91.0, 55.0, 131.0, 131.0, 6.0, 97.0, 'Normal']
["'[02:28:41 22/10/1994]'", 67.0, 91.0, 55.0, 131.0, 131.0, 6.0, 97.0, 'Normal']
["'[02:28:42 22/10/1994]'", 67.0, 91.0, 55.0, 131.0, 131.0, 6.0, 97.0, 'Normal']
["'[02:28:43 22/10/1994]'", 67.0, 91.0, 55.0, 131.0, 131.0, 6.0, 97.0, 'Normal']
["'[02:28:44 22/10/1994]'", 68.0, 92.0, 55.0, 131.0, 131.0, 6.0, 97.0, 'Normal']
["'[02:28:45 22/10/1994]'", 68.0, 92.0, 56.0, 131.0, 131.0, 5.0, 97.0, 'Normal']
["'[02:28:46 22/10/1994]'", 68.0, 92.0, 56.0, 131.0, 131.0, 4.0, 97.0, 'Normal']
["'[02:28:47 22/10/1994]'", 67.0, 92.0, 55.0, 131.0, 131.0, 3.0, 97.0, 'Normal']
["'[02:28:48 22/10/1994]'", 67.0, 92.0, 55.0, 132.0, 131.0, 2.0, 97.0, 'Normal']
["'[02:28:49 22/10/1994]'", 68.0, 92.0, 56.0, 132.0, 131.0, 1.0, 97.0, 'Normal']
["'[02:28:50 22/10/1994]'", 68.0, 92.0, 56.0, 132.0, 131.0, 1.0, 97.0, 'Normal']
["'[02:28:51 22/10/1994]'", 69.0, 94.0, 57.0, 132.0, 131.0, 0.0, 97.0, 'Normal']
["'[02:28:52 22/10/1994]'", 68.0, 93.0, 57.0, 132.0, 131.0, 0.0, 97.0, 'Normal']
["'[02:28:53 22/10/1994]'", 69.0, 93.0, 56.0, 132.0, 130.0, 0.0, 97.0, 'Normal']
["'[02:28:54 22/10/1994]'", 69.0, 93.0, 56.0, 133.0, 130.0, 0.0, 97.0, 'Normal']
["'[02:28:55 22/10/1994]'", 69.0, 93.0, 56.0, 133.0, 130.0, 0.0, 97.0, 'Normal']
["'[02:28:56 22/10/1994]'", 69.0, 94.0, 56.0, 133.0, 132.0, 0.0, 97.0, 'Normal']
["'[02:28:57 22/10/1994]'", 69.0, 94.0, 57.0, 133.0, 132.0, 0.0, 97.0, 'Normal']
["'[02:28:58 22/10/1994]'", 69.0, 94.0, 57.0, 133.0, 133.0, 0.0, 97.0, 'Normal']
["'[02:28:59 22/10/1994]'", 69.0, 94.0, 57.0, 133.0, 133.0, 0.0, 97.0, 'Normal']
["'[02:29:00 22/10/1994]'", 69.0, 94.0, 57.0, 133.0, 134.0, 0.0, 97.0, 'Normal']
["'[02:29:01 22/10/1994]'", 69.0, 93.0, 56.0, 133.0, 134.0, 0.0, 97.0, 'Normal']
["'[02:29:02 22/10/1994]'", 68.0, 93.0, 56.0, 134.0, 134.0, 0.0, 97.0, 'Normal']
["'[02:29:03 22/10/1994]'", 68.0, 93.0, 56.0, 134.0, 134.0, 0.0, 97.0, 'Normal']
["'[02:29:04 22/10/1994]'", 68.0, 93.0, 56.0, 134.0, 134.0, 0.0, 97.0, 'Normal']
["'[02:29:05 22/10/1994]'", 69.0, 94.0, 56.0, 134.0, 135.0, 0.0, 97.0, 'Normal']
["'[02:29:06 22/10/1994]'", 68.0, 93.0, 56.0, 134.0, 135.0, 0.0, 97.0, 'Normal']
["'[02:29:07 22/10/1994]'", 68.0, 92.0, 56.0, 134.0, 134.0, 0.0, 97.0, 'Normal']
["'[02:29:08 22/10/1994]'", 68.0, 92.0, 55.0, 133.0, 131.0, 0.0, 97.0, 'Normal']
["'[02:29:09 22/10/1994]'", 68.0, 92.0, 55.0, 133.0, 126.0, 0.0, 97.0, 'Normal']
["'[02:29:10 22/10/1994]'", 68.0, 93.0, 56.0, 133.0, 128.0, 0.0, 97.0, 'Normal']
["'[02:29:11 22/10/1994]'", 69.0, 93.0, 56.0, 132.0, 128.0, 0.0, 97.0, 'Normal']
["'[02:29:12 22/10/1994]'", 68.0, 93.0, 56.0, 132.0, 131.0, 0.0, 97.0, 'Normal']
["'[02:29:13 22/10/1994]'", 68.0, 93.0, 56.0, 132.0, 132.0, 0.0, 97.0, 'Normal']
["'[02:29:14 22/10/1994]'", 68.0, 93.0, 56.0, 132.0, 132.0, 0.0, 97.0, 'Normal']
["'[02:29:15 22/10/1994]'", 68.0, 93.0, 56.0, 132.0, 132.0, 0.0, 97.0, 'Normal']
["'[02:29:16 22/10/1994]'", 69.0, 94.0, 57.0, 132.0, 132.0, 0.0, 97.0, 'Normal']
["'[02:29:17 22/10/1994]'", 69.0, 94.0, 57.0, 132.0, 132.0, 0.0, 97.0, 'Normal']
["'[02:29:18 22/10/1994]'", 68.0, 93.0, 56.0, 132.0, 132.0, 0.0, 97.0, 'Normal']
["'[02:29:20 22/10/1994]'", 68.0, 92.0, 56.0, 133.0, 132.0, 0.0, 97.0, 'Normal']
["'[02:29:21 22/10/1994]'", 69.0, 94.0, 56.0, 133.0, 133.0, 0.0, 97.0, 'Normal']
["'[02:29:22 22/10/1994]'", 68.0, 93.0, 56.0, 133.0, 133.0, 0.0, 97.0, 'Normal']
["'[02:29:23 22/10/1994]'", 69.0, 93.0, 56.0, 133.0, 131.0, 0.0, 97.0, 'Normal']
["'[02:29:24 22/10/1994]'", 69.0, 93.0, 56.0, 133.0, 131.0, 0.0, 97.0, 'Normal']
["'[02:29:25 22/10/1994]'", 69.0, 93.0, 57.0, 133.0, 131.0, 0.0, 97.0, 'Normal']
["'[02:29:26 22/10/1994]'", 70.0, 95.0, 57.0, 133.0, 131.0, 0.0, 97.0, 'Normal']
["'[02:29:27 22/10/1994]'", 70.0, 95.0, 57.0, 133.0, 131.0, 0.0, 97.0, 'Normal']
["'[02:29:28 22/10/1994]'", 70.0, 94.0, 57.0, 134.0, 131.0, 0.0, 97.0, 'Normal']
["'[02:29:29 22/10/1994]'", 69.0, 94.0, 57.0, 134.0, 127.0, 0.0, 97.0, 'Normal']
["'[02:29:30 22/10/1994]'", 69.0, 94.0, 57.0, 134.0, 127.0, 0.0, 97.0, 'Normal']
["'[02:29:31 22/10/1994]'", 70.0, 95.0, 57.0, 133.0, 127.0, 0.0, 97.0, 'Normal']
["'[02:29:32 22/10/1994]'", 70.0, 95.0, 58.0, 133.0, 127.0, 0.0, 88.0, 'Critical']
["'[02:29:33 22/10/1994]'", 71.0, 96.0, 59.0, 133.0, 128.0, 0.0, 88.0, 'Critical']
["'[02:29:34 22/10/1994]'", 72.0, 97.0, 59.0, 132.0, 128.0, 0.0, 88.0, 'Critical']
["'[02:29:35 22/10/1994]'", 72.0, 98.0, 59.0, 132.0, 128.0, 0.0, 88.0, 'Critical']
